{
    "scene_size": [
        6.77490758895874,
        10.12890625,
        2.432450532913208
    ],
    "scene_center": [
        -0.26578545570373535,
        -0.3381474018096924,
        1.0898560285568237
    ],
    "object_info": {
        "id:0 gt:chair": {
            "attention": [
                0.02500000037252903,
                0.0,
                0.01900249347090721,
                3.4990296363830566
            ]
        },
        "id:1 gt:table": {
            "attention": [
                0.02500000037252903,
                0.0,
                0.07107646763324738,
                -1.5618232488632202
            ]
        },
        "id:2 gt:chair": {
            "attention": [
                0.02500000037252903,
                0.0,
                0.01900249347090721,
                3.4990296363830566
            ]
        },
        "id:3 gt:chair": {
            "attention": [
                0.02500000037252903,
                0.0,
                0.01900249347090721,
                3.4990296363830566
            ]
        },
        "id:4 gt:chair": {
            "attention": [
                0.02500000037252903,
                0.0,
                0.01900249347090721,
                3.4990296363830566
            ]
        },
        "id:5 gt:stairs": {
            "attention": [
                0.02500000037252903,
                1.0,
                0.01900249347090721,
                -0.3186276853084564
            ]
        },
        "id:6 gt:chair": {
            "attention": [
                0.02500000037252903,
                0.0,
                0.01900249347090721,
                3.4990296363830566
            ]
        },
        "id:7 gt:display sign": {
            "attention": [
                0.02500000037252903,
                0.0,
                0.024181481450796127,
                -1.5159595012664795
            ]
        },
        "id:8 gt:chair": {
            "attention": [
                0.02500000037252903,
                0.0,
                0.01900249347090721,
                3.4990296363830566
            ]
        },
        "id:9 gt:chair": {
            "attention": [
                0.02500000037252903,
                0.0,
                0.01900249347090721,
                3.4990296363830566
            ]
        },
        "id:10 gt:office chair": {
            "attention": [
                0.02500000037252903,
                0.0,
                0.07107646763324738,
                11.781496047973633
            ]
        },
        "id:11 gt:chair": {
            "attention": [
                0.02500000037252903,
                0.0,
                0.01900249347090721,
                3.4990296363830566
            ]
        },
        "id:12 gt:chair": {
            "attention": [
                0.02500000037252903,
                0.0,
                0.01900249347090721,
                3.4990296363830566
            ]
        },
        "id:13 gt:table": {
            "attention": [
                0.02500000037252903,
                0.0,
                0.01900249347090721,
                -0.41755783557891846
            ]
        },
        "id:14 gt:chair": {
            "attention": [
                0.02500000037252903,
                0.0,
                0.01900249347090721,
                3.4990296363830566
            ]
        },
        "id:15 gt:table": {
            "attention": [
                0.02500000037252903,
                0.0,
                0.006518390495330095,
                -0.14323410391807556
            ]
        },
        "id:16 gt:table": {
            "attention": [
                0.02500000037252903,
                0.0,
                0.01900249347090721,
                -0.41755783557891846
            ]
        },
        "id:17 gt:chair": {
            "attention": [
                0.02500000037252903,
                0.0,
                0.01900249347090721,
                3.4990296363830566
            ]
        },
        "id:18 gt:chair": {
            "attention": [
                0.02500000037252903,
                0.0,
                0.01900249347090721,
                3.4990296363830566
            ]
        },
        "id:19 gt:chair": {
            "attention": [
                0.02500000037252903,
                0.0,
                0.01900249347090721,
                3.4990296363830566
            ]
        },
        "id:20 gt:chair": {
            "attention": [
                0.02500000037252903,
                0.0,
                0.01900249347090721,
                3.4990296363830566
            ]
        },
        "id:21 gt:chair": {
            "attention": [
                0.02500000037252903,
                0.0,
                0.01900249347090721,
                3.4990296363830566
            ]
        },
        "id:22 gt:chair": {
            "attention": [
                0.02500000037252903,
                0.0,
                0.006518390495330095,
                1.200265645980835
            ]
        },
        "id:23 gt:floor": {
            "attention": [
                0.02500000037252903,
                0.0,
                0.024181481450796127,
                -0.8293822407722473
            ]
        },
        "id:24 gt:chair": {
            "attention": [
                0.02500000037252903,
                0.0,
                0.01900249347090721,
                3.4990296363830566
            ]
        },
        "id:25 gt:chair": {
            "attention": [
                0.02500000037252903,
                0.0,
                0.01900249347090721,
                3.4990296363830566
            ]
        },
        "id:26 gt:chair": {
            "attention": [
                0.02500000037252903,
                0.0,
                0.07107646763324738,
                13.087685585021973
            ]
        },
        "id:27 gt:stair rail": {
            "attention": [
                0.02500000037252903,
                0.0,
                0.1194172203540802,
                -1.120764970779419
            ]
        },
        "id:28 gt:table": {
            "attention": [
                0.02500000037252903,
                0.0,
                0.01900249347090721,
                -0.41755783557891846
            ]
        },
        "id:29 gt:table": {
            "attention": [
                0.02500000037252903,
                0.0,
                0.01900249347090721,
                -0.41755783557891846
            ]
        },
        "id:30 gt:office chair": {
            "attention": [
                0.02500000037252903,
                0.0,
                0.006518390495330095,
                1.0804756879806519
            ]
        },
        "id:31 gt:chair": {
            "attention": [
                0.02500000037252903,
                0.0,
                0.01900249347090721,
                3.4990296363830566
            ]
        },
        "id:32 gt:chair": {
            "attention": [
                0.02500000037252903,
                0.0,
                0.01900249347090721,
                3.4990296363830566
            ]
        },
        "id:33 gt:chair": {
            "attention": [
                0.02500000037252903,
                0.0,
                0.01900249347090721,
                3.4990296363830566
            ]
        },
        "id:34 gt:rail": {
            "attention": [
                0.02500000037252903,
                0.0,
                0.024181481450796127,
                0.036017969250679016
            ]
        },
        "id:35 gt:table": {
            "attention": [
                0.02500000037252903,
                0.0,
                0.01900249347090721,
                -0.41755783557891846
            ]
        },