{
    "scene_size": [
        9.299077987670898,
        5.949685096740723,
        2.8944997787475586
    ],
    "scene_center": [
        -0.12970662117004395,
        -0.38641393184661865,
        1.3210327625274658
    ],
    "object_info": {
        "id:0 gt:range hood": {
            "attention": [
                0.011627906933426857,
                0.0,
                0.011741205118596554,
                -1.0460758209228516
            ]
        },
        "id:1 gt:window": {
            "attention": [
                0.011627906933426857,
                0.0,
                0.008037651889026165,
                1.2772865295410156
            ]
        },
        "id:2 gt:window": {
            "attention": [
                0.011627906933426857,
                0.0,
                0.016039663925766945,
                2.5489094257354736
            ]
        },
        "id:3 gt:chair": {
            "attention": [
                0.011627906933426857,
                0.3333333432674408,
                0.010896979831159115,
                -0.8927198648452759
            ]
        },
        "id:4 gt:yoga mat": {
            "attention": [
                0.011627906933426857,
                0.0,
                0.011741205118596554,
                -1.0586661100387573
            ]
        },
        "id:5 gt:kitchen cabinet": {
            "attention": [
                0.011627906933426857,
                0.0,
                0.011690436862409115,
                -1.0010212659835815
            ]
        },
        "id:6 gt:picture": {
            "attention": [
                0.011627906933426857,
                0.0,
                0.008037651889026165,
                -0.57939612865448
            ]
        },
        "id:7 gt:doorframe": {
            "attention": [
                0.011627906933426857,
                0.0,
                0.011741205118596554,
                -0.917803168296814
            ]
        },
        "id:8 gt:kitchen cabinets": {
            "attention": [
                0.011627906933426857,
                0.0,
                0.008968604728579521,
                -0.5666680335998535
            ]
        },
        "id:9 gt:couch": {
            "attention": [
                0.011627906933426857,
                0.0,
                0.011549068614840508,
                -0.8284075260162354
            ]
        },
        "id:10 gt:ceiling": {
            "attention": [
                0.011627906933426857,
                0.0,
                0.014590516686439514,
                -0.4008241295814514
            ]
        },
        "id:11 gt:picture": {
            "attention": [
                0.011627906933426857,
                0.0,
                0.011166480369865894,
                -0.804938554763794
            ]
        },
        "id:12 gt:fireplace": {
            "attention": [
                0.011627906933426857,
                0.0,
                0.011741205118596554,
                -0.4180555045604706
            ]
        },
        "id:13 gt:box": {
            "attention": [
                0.011627906933426857,
                0.0,
                0.012295001186430454,
                -0.7109929919242859
            ]
        },
        "id:14 gt:kitchen cabinet": {
            "attention": [
                0.011627906933426857,
                0.0,
                0.008968604728579521,
                -0.7679579854011536
            ]
        },
        "id:15 gt:book": {
            "attention": [
                0.011627906933426857,
                0.0,
                0.008037651889026165,
                -0.6570201516151428
            ]
        },
        "id:16 gt:closet door": {
            "attention": [
                0.011627906933426857,
                0.0,
                0.011360074393451214,
                0.12447171658277512
            ]
        },
        "id:17 gt:shelf": {
            "attention": [
                0.011627906933426857,
                0.0,
                0.011741205118596554,
                -0.5682883858680725
            ]
        },
        "id:18 gt:window": {
            "attention": [
                0.011627906933426857,
                0.0,
                0.011166480369865894,
                1.774497628211975
            ]
        },
        "id:19 gt:kitchen cabinets": {
            "attention": [
                0.011627906933426857,
                0.0,
                0.010007384233176708,
                -0.6323017477989197
            ]
        },
        "id:20 gt:trash can": {
            "attention": [
                0.011627906933426857,
                0.0,
                0.008037651889026165,
                -0.6803061366081238
            ]
        },
        "id:21 gt:kitchen cabinet": {
            "attention": [
                0.011627906933426857,
                0.0,
                0.016039663925766945,
                -1.3734341859817505
            ]
        },
        "id:22 gt:backpack": {
            "attention": [
                0.011627906933426857,
                0.0,
                0.011741205118596554,
                -0.7627269625663757
            ]
        },
        "id:23 gt:wall": {
            "attention": [
                0.011627906933426857,
                0.0,
                0.011166480369865894,
                -0.7126753330230713
            ]
        },
        "id:24 gt:kitchen cabinets": {
            "attention": [
                0.011627906933426857,
                0.0,
                0.011166480369865894,
                -0.7055375576019287
            ]
        },
        "id:25 gt:kitchen cabinet": {
            "attention": [
                0.011627906933426857,
                0.0,
                0.011166480369865894,
                -0.956156313419342
            ]
        },
        "id:26 gt:medal": {
            "attention": [
                0.011627906933426857,
                0.0,
                0.011741205118596554,
                -1.0852006673812866
            ]
        },
        "id:27 gt:chair": {
            "attention": [
                0.011627906933426857,
                0.3333333432674408,
                0.010896979831159115,
                -0.8927198648452759
            ]
        },
        "id:28 gt:wall": {
            "attention": [
                0.011627906933426857,
                0.0,
                0.008037651889026165,
                -0.5129849314689636
            ]
        },
        "id:29 gt:object": {
            "attention": [
                0.011627906933426857,
                0.0,
                0.016327951103448868,
                -1.4159210920333862
            ]
        },
        "id:30 gt:object": {
            "attention": [
                0.011627906933426857,
                0.0,
                0.008037651889026165,
                -0.6970060467720032
            ]
        },
        "id:31 gt:ceiling": {
            "attention": [
                0.011627906933426857,
                0.0,
                0.008414200507104397,
                -0.23115114867687225
            ]
        },
        "id:32 gt:wall": {
            "attention": [
                0.011627906933426857,
                0.0,
                0.011166480369865894,
                -0.7126753330230713
            ]
        },
        "id:33 gt:kitchen cabinet": {
            "attention": [
                0.011627906933426857,
                0.0,
                0.011166480369865894,
                -0.956156313419342
            ]
        },
        "id:34 gt:dishwasher": {
            "attention": [
                0.011627906933426857,
                0.0,
                0.011539412662386894,
                -0.10628268867731094
            ]
        },