{
    "scene_size": [
        6.77490758895874,
        10.12890625,
        2.432450532913208
    ],
    "scene_center": [
        -0.26578545570373535,
        -0.3381474018096924,
        1.0898560285568237
    ],
    "object_info": {
        "id:0 gt:stairs": {
            "attention": [
                0.02500000037252903,
                0.0,
                0.014384712092578411,
                -0.24119821190834045
            ]
        },
        "id:1 gt:chair": {
            "attention": [
                0.02500000037252903,
                0.0,
                0.019517000764608383,
                3.59376859664917
            ]
        },
        "id:2 gt:chair": {
            "attention": [
                0.02500000037252903,
                0.0,
                0.0065603796392679214,
                1.2079973220825195
            ]
        },
        "id:3 gt:chair": {
            "attention": [
                0.02500000037252903,
                0.0,
                0.019517000764608383,
                3.59376859664917
            ]
        },
        "id:4 gt:chair": {
            "attention": [
                0.02500000037252903,
                0.0,
                0.019517000764608383,
                3.59376859664917
            ]
        },
        "id:5 gt:rail": {
            "attention": [
                0.02500000037252903,
                4.171593737112289e-09,
                0.03054283745586872,
                0.04549311846494675
            ]
        },
        "id:6 gt:office chair": {
            "attention": [
                0.02500000037252903,
                0.0,
                0.0065603796392679214,
                1.0874357223510742
            ]
        },
        "id:7 gt:chair": {
            "attention": [
                0.02500000037252903,
                0.0,
                0.019517000764608383,
                3.59376859664917
            ]
        },
        "id:8 gt:chair": {
            "attention": [
                0.02500000037252903,
                0.0,
                0.019517000764608383,
                3.59376859664917
            ]
        },
        "id:9 gt:table": {
            "attention": [
                0.02500000037252903,
                0.0,
                0.019517000764608383,
                -0.4288635551929474
            ]
        },
        "id:10 gt:chair": {
            "attention": [
                0.02500000037252903,
                0.0,
                0.019517000764608383,
                3.59376859664917
            ]
        },
        "id:11 gt:stair rail": {
            "attention": [
                0.02500000037252903,
                1.0,
                0.019517000764608383,
                -0.18317265808582306
            ]
        },
        "id:12 gt:chair": {
            "attention": [
                0.02500000037252903,
                0.0,
                0.019517000764608383,
                3.59376859664917
            ]
        },
        "id:13 gt:display sign": {
            "attention": [
                0.02500000037252903,
                0.0,
                0.03054283745586872,
                -1.9147589206695557
            ]
        },
        "id:14 gt:chair": {
            "attention": [
                0.02500000037252903,
                0.0,
                0.019517000764608383,
                3.59376859664917
            ]
        },
        "id:15 gt:chair": {
            "attention": [
                0.02500000037252903,
                0.0,
                0.019517000764608383,
                3.59376859664917
            ]
        },
        "id:16 gt:floor": {
            "attention": [
                0.02500000037252903,
                0.0,
                0.00987662747502327,
                -0.338750958442688
            ]
        },
        "id:17 gt:chair": {
            "attention": [
                0.02500000037252903,
                0.0,
                0.019517000764608383,
                3.59376859664917
            ]
        },
        "id:18 gt:chair": {
            "attention": [
                0.02500000037252903,
                0.0,
                0.019517000764608383,
                3.59376859664917
            ]
        },
        "id:19 gt:table": {
            "attention": [
                0.02500000037252903,
                0.0,
                0.019517000764608383,
                -0.4288635551929474
            ]
        },
        "id:20 gt:table": {
            "attention": [
                0.02500000037252903,
                0.0,
                0.09947866201400757,
                -2.1859285831451416
            ]
        },
        "id:21 gt:office chair": {
            "attention": [
                0.02500000037252903,
                0.0,
                0.09947866201400757,
                16.48938751220703
            ]
        },
        "id:22 gt:chair": {
            "attention": [
                0.02500000037252903,
                0.0,
                0.019517000764608383,
                3.59376859664917
            ]
        },
        "id:23 gt:table": {
            "attention": [
                0.02500000037252903,
                0.0,
                0.019517000764608383,
                -0.4288635551929474
            ]
        },
        "id:24 gt:chair": {
            "attention": [
                0.02500000037252903,
                0.0,
                0.019517000764608383,
                3.59376859664917
            ]
        },
        "id:25 gt:table": {
            "attention": [
                0.02500000037252903,
                0.0,
                0.019517000764608383,
                -0.4288635551929474
            ]
        },
        "id:26 gt:table": {
            "attention": [
                0.02500000037252903,
                0.0,
                0.019517000764608383,
                -0.4288635551929474
            ]
        },
        "id:27 gt:table": {
            "attention": [
                0.02500000037252903,
                0.0,
                0.0065603796392679214,
                -0.14415676891803741
            ]
        },
        "id:28 gt:chair": {
            "attention": [
                0.02500000037252903,
                0.0,
                0.019517000764608383,
                3.59376859664917
            ]
        },
        "id:29 gt:chair": {
            "attention": [
                0.02500000037252903,
                0.0,
                0.019517000764608383,
                3.59376859664917
            ]
        },
        "id:30 gt:sign": {
            "attention": [
                0.02500000037252903,
                0.0,
                0.03054283745586872,
                -1.4036237001419067
            ]
        },
        "id:31 gt:chair": {
            "attention": [
                0.02500000037252903,
                0.0,
                0.019517000764608383,
                3.59376859664917
            ]
        },
        "id:32 gt:chair": {
            "attention": [
                0.02500000037252903,
                0.0,
                0.019517000764608383,
                3.59376859664917
            ]
        },
        "id:33 gt:chair": {
            "attention": [
                0.02500000037252903,
                0.0,
                0.019517000764608383,
                3.59376859664917
            ]
        },
        "id:34 gt:chair": {
            "attention": [
                0.02500000037252903,
                0.0,
                0.09947866201400757,
                18.31753158569336
            ]
        },
        "id:35 gt:table": {
            "attention": [
                0.02500000037252903,
                0.0,
                0.019517000764608383,
                -0.4288635551929474
            ]
        },