{
    "scene_size": [
        9.299077987670898,
        5.949685096740723,
        2.8944997787475586
    ],
    "scene_center": [
        -0.12970662117004395,
        -0.38641393184661865,
        1.3210327625274658
    ],
    "object_info": {
        "id:0 gt:wall": {
            "attention": [
                0.011627906933426857,
                0.0,
                0.010789459571242332,
                -0.6149040460586548
            ]
        },
        "id:1 gt:stove": {
            "attention": [
                0.011627906933426857,
                0.0,
                0.011741205118596554,
                -0.7609044909477234
            ]
        },
        "id:2 gt:refrigerator": {
            "attention": [
                0.011627906933426857,
                0.0,
                0.012295002117753029,
                -0.5563046336174011
            ]
        },
        "id:3 gt:kitchen cabinet": {
            "attention": [
                0.011627906933426857,
                0.0,
                0.01169043779373169,
                -0.6361121535301208
            ]
        },
        "id:4 gt:banana holder": {
            "attention": [
                0.011627906933426857,
                0.0,
                0.012295002117753029,
                -0.6464880108833313
            ]
        },
        "id:5 gt:book": {
            "attention": [
                0.011627906933426857,
                0.0,
                0.011166480369865894,
                -0.43122053146362305
            ]
        },
        "id:6 gt:armchair": {
            "attention": [
                0.011627906933426857,
                0.0,
                0.016327952966094017,
                -0.6515237092971802
            ]
        },
        "id:7 gt:book": {
            "attention": [
                0.011627906933426857,
                0.0,
                0.016327952966094017,
                -0.6305432319641113
            ]
        },
        "id:8 gt:breakfast bar": {
            "attention": [
                0.011627906933426857,
                0.0,
                0.011741205118596554,
                -0.6416897773742676
            ]
        },
        "id:9 gt:wall": {
            "attention": [
                0.011627906933426857,
                0.0,
                0.011166480369865894,
                -0.6363909244537354
            ]
        },
        "id:10 gt:bag": {
            "attention": [
                0.011627906933426857,
                0.0,
                0.011741205118596554,
                -0.715291440486908
            ]
        },
        "id:11 gt:ceiling": {
            "attention": [
                0.011627906933426857,
                0.0,
                0.011166480369865894,
                -0.5112921595573425
            ]
        },
        "id:12 gt:microwave": {
            "attention": [
                0.011627906933426857,
                0.0,
                0.011741205118596554,
                -0.5701955556869507
            ]
        },
        "id:13 gt:clock": {
            "attention": [
                0.011627906933426857,
                0.0,
                0.011181137524545193,
                -0.48075947165489197
            ]
        },
        "id:14 gt:window": {
            "attention": [
                0.011627906933426857,
                0.0,
                0.00803765282034874,
                -0.35997727513313293
            ]
        },
        "id:15 gt:picture": {
            "attention": [
                0.011627906933426857,
                0.0,
                0.016327952966094017,
                3.2629623413085938
            ]
        },
        "id:16 gt:kitchen cabinet": {
            "attention": [
                0.011627906933426857,
                0.0,
                0.01169043779373169,
                -0.6361121535301208
            ]
        },
        "id:17 gt:picture": {
            "attention": [
                0.011627906933426857,
                0.0,
                0.00803765282034874,
                1.6062368154525757
            ]
        },
        "id:18 gt:kitchen cabinets": {
            "attention": [
                0.011627906933426857,
                0.0,
                0.008968605659902096,
                -0.6332228779792786
            ]
        },
        "id:19 gt:window": {
            "attention": [
                0.011627906933426857,
                0.0,
                0.016039663925766945,
                -0.7183583378791809
            ]
        },
        "id:20 gt:kitchen cabinet": {
            "attention": [
                0.011627906933426857,
                0.0,
                0.008968605659902096,
                -0.4880090355873108
            ]
        },
        "id:21 gt:chair": {
            "attention": [
                0.011627906933426857,
                0.3333333432674408,
                0.011166480369865894,
                -0.6925352215766907
            ]
        },
        "id:22 gt:kitchen cabinet": {
            "attention": [
                0.011627906933426857,
                0.0,
                0.010476954281330109,
                -0.5700828433036804
            ]
        },
        "id:23 gt:ceiling": {
            "attention": [
                0.011627906933426857,
                0.0,
                0.008414201438426971,
                -0.38527047634124756
            ]
        },
        "id:24 gt:object": {
            "attention": [
                0.011627906933426857,
                0.0,
                0.016327952966094017,
                -0.7627393007278442
            ]
        },
        "id:25 gt:wall": {
            "attention": [
                0.011627906933426857,
                0.0,
                0.013699891045689583,
                -0.7807729840278625
            ]
        },
        "id:26 gt:wall": {
            "attention": [
                0.011627906933426857,
                0.0,
                0.011166480369865894,
                -0.6363909244537354
            ]
        },
        "id:27 gt:stool": {
            "attention": [
                0.011627906933426857,
                0.0,
                0.011181137524545193,
                -0.3244802951812744
            ]
        },
        "id:28 gt:kitchen cabinet": {
            "attention": [
                0.011627906933426857,
                0.0,
                0.011166480369865894,
                -0.607602059841156
            ]
        },
        "id:29 gt:door": {
            "attention": [
                0.011627906933426857,
                0.0,
                0.011741205118596554,
                -0.7270432710647583
            ]
        },
        "id:30 gt:book": {
            "attention": [
                0.011627906933426857,
                0.0,
                0.00803765282034874,
                -0.3103933334350586
            ]
        },
        "id:31 gt:wall": {
            "attention": [
                0.011627906933426857,
                0.0,
                0.010969778522849083,
                -0.6251806020736694
            ]
        },
        "id:32 gt:shelf": {
            "attention": [
                0.011627906933426857,
                0.0,
                0.011741205118596554,
                -0.3982817232608795
            ]
        },
        "id:33 gt:table": {
            "attention": [
                0.011627906933426857,
                0.0,
                0.011741205118596554,
                -0.72005695104599
            ]
        },
        "id:34 gt:window": {
            "attention": [
                0.011627906933426857,
                0.0,
                0.011166480369865894,
                -0.5001060962677002
            ]
        },