{
    "scene_size": [
        3.631287097930908,
        3.7697720527648926,
        1.7425938844680786
    ],
    "scene_center": [
        0.07527977228164673,
        -0.10107678174972534,
        0.7976463437080383
    ],
    "object_info": {
        "id:0 gt:mailbox": {
            "attention": [
                0.0476190485060215,
                0.0,
                0.12610504031181335,
                -7.553689002990723
            ]
        },
        "id:1 gt:box": {
            "attention": [
                0.0476190485060215,
                0.0,
                0.12610504031181335,
                -10.04997730255127
            ]
        },
        "id:2 gt:stapler": {
            "attention": [
                0.0476190485060215,
                0.0,
                0.044088102877140045,
                -3.1196129322052
            ]
        },
        "id:3 gt:cabinets": {
            "attention": [
                0.0476190485060215,
                0.0,
                0.12610504031181335,
                16.971052169799805
            ]
        },
        "id:4 gt:wall": {
            "attention": [
                0.0476190485060215,
                0.0,
                0.12610504031181335,
                -8.849939346313477
            ]
        },
        "id:5 gt:counter": {
            "attention": [
                0.0476190485060215,
                0.0,
                0.044088102877140045,
                -3.0773119926452637
            ]
        },
        "id:6 gt:boxes": {
            "attention": [
                0.0476190485060215,
                0.0,
                0.044088102877140045,
                -2.2675209045410156
            ]
        },
        "id:7 gt:door": {
            "attention": [
                0.0476190485060215,
                0.0,
                0.044088102877140045,
                -2.929802656173706
            ]
        },
        "id:8 gt:mailbox": {
            "attention": [
                0.0476190485060215,
                0.0,
                0.009517321363091469,
                -0.5700873732566833
            ]
        },
        "id:9 gt:cabinets": {
            "attention": [
                0.0476190485060215,
                0.0,
                0.009517321363091469,
                1.280828833580017
            ]
        },
        "id:10 gt:wall": {
            "attention": [
                0.0476190485060215,
                0.0,
                0.025067757815122604,
                -1.7592328786849976
            ]
        },
        "id:11 gt:wall": {
            "attention": [
                0.0476190485060215,
                0.0,
                0.025067757815122604,
                -1.7592328786849976
            ]
        },
        "id:12 gt:wall": {
            "attention": [
                0.0476190485060215,
                0.0,
                0.025067757815122604,
                -1.7592328786849976
            ]
        },
        "id:13 gt:recycling bin": {
            "attention": [
                0.0476190485060215,
                1.0,
                0.025067757815122604,
                -1.4016298055648804
            ]
        },
        "id:14 gt:mailboxes": {
            "attention": [
                0.0476190485060215,
                0.0,
                0.044088102877140045,
                -2.4884531497955322
            ]
        },
        "id:15 gt:copier": {
            "attention": [
                0.0476190485060215,
                0.0,
                0.044088102877140045,
                -1.5538947582244873
            ]
        },
        "id:16 gt:wall": {
            "attention": [
                0.0476190485060215,
                0.0,
                0.009517321363091469,
                -0.6679171323776245
            ]
        },
        "id:17 gt:floor": {
            "attention": [
                0.0476190485060215,
                0.0,
                0.02355504222214222,
                -1.6979987621307373
            ]
        },
        "id:18 gt:trash can": {
            "attention": [
                0.0476190485060215,
                0.0,
                0.044088102877140045,
                -2.96877384185791
            ]
        },
        "id:19 gt:wall": {
            "attention": [
                0.0476190485060215,
                0.0,
                0.025067757815122604,
                -1.7592328786849976
            ]
        },
        "id:20 gt:box": {
            "attention": [
                0.0476190485060215,
                0.0,
                0.009517321363091469,
                -0.7584856748580933
            ]
        }
    }
}