{
    "scene_size": [
        6.77490758895874,
        10.12890625,
        2.432450532913208
    ],
    "scene_center": [
        -0.26578545570373535,
        -0.3381474018096924,
        1.0898560285568237
    ],
    "object_info": {
        "id:0 gt:chair": {
            "attention": [
                0.02500000037252903,
                0.0,
                0.019845914095640182,
                3.6543331146240234
            ]
        },
        "id:1 gt:sign": {
            "attention": [
                0.02500000037252903,
                0.0,
                0.016229160130023956,
                -0.7458257079124451
            ]
        },
        "id:2 gt:chair": {
            "attention": [
                0.02500000037252903,
                0.0,
                0.019845914095640182,
                3.6543331146240234
            ]
        },
        "id:3 gt:chair": {
            "attention": [
                0.02500000037252903,
                0.0,
                0.019845914095640182,
                3.6543331146240234
            ]
        },
        "id:4 gt:chair": {
            "attention": [
                0.02500000037252903,
                0.0,
                0.019845914095640182,
                3.6543331146240234
            ]
        },
        "id:5 gt:table": {
            "attention": [
                0.02500000037252903,
                0.0,
                0.019845914095640182,
                -0.43609103560447693
            ]
        },
        "id:6 gt:chair": {
            "attention": [
                0.02500000037252903,
                0.0,
                0.019845914095640182,
                3.6543331146240234
            ]
        },
        "id:7 gt:display sign": {
            "attention": [
                0.02500000037252903,
                0.0,
                0.016229160130023956,
                -1.0174211263656616
            ]
        },
        "id:8 gt:chair": {
            "attention": [
                0.02500000037252903,
                0.0,
                0.019845914095640182,
                3.6543331146240234
            ]
        },
        "id:9 gt:chair": {
            "attention": [
                0.02500000037252903,
                0.0,
                0.019845914095640182,
                3.6543331146240234
            ]
        },
        "id:10 gt:chair": {
            "attention": [
                0.02500000037252903,
                0.0,
                0.019845914095640182,
                3.6543331146240234
            ]
        },
        "id:11 gt:chair": {
            "attention": [
                0.02500000037252903,
                0.0,
                0.005404168739914894,
                0.9950981736183167
            ]
        },
        "id:12 gt:chair": {
            "attention": [
                0.02500000037252903,
                0.0,
                0.019845914095640182,
                3.6543331146240234
            ]
        },
        "id:13 gt:chair": {
            "attention": [
                0.02500000037252903,
                0.0,
                0.019845914095640182,
                3.6543331146240234
            ]
        },
        "id:14 gt:table": {
            "attention": [
                0.02500000037252903,
                0.0,
                0.059570230543613434,
                -1.308987021446228
            ]
        },
        "id:15 gt:chair": {
            "attention": [
                0.02500000037252903,
                0.0,
                0.019845914095640182,
                3.6543331146240234
            ]
        },
        "id:16 gt:chair": {
            "attention": [
                0.02500000037252903,
                0.0,
                0.019845914095640182,
                3.6543331146240234
            ]
        },
        "id:17 gt:chair": {
            "attention": [
                0.02500000037252903,
                0.0,
                0.019845914095640182,
                3.6543331146240234
            ]
        },
        "id:18 gt:stair rail": {
            "attention": [
                0.02500000037252903,
                1.0,
                0.019845914095640182,
                -0.18625961244106293
            ]
        },
        "id:19 gt:chair": {
            "attention": [
                0.02500000037252903,
                0.0,
                0.059570230543613434,
                10.968981742858887
            ]
        },
        "id:20 gt:rail": {
            "attention": [
                0.02500000037252903,
                4.171593737112289e-09,
                0.016229160130023956,
                0.024173101410269737
            ]
        },
        "id:21 gt:floor": {
            "attention": [
                0.02500000037252903,
                0.0,
                0.11622079461812973,
                -3.98616886138916
            ]
        },
        "id:22 gt:chair": {
            "attention": [
                0.02500000037252903,
                0.0,
                0.019845914095640182,
                3.6543331146240234
            ]
        },
        "id:23 gt:chair": {
            "attention": [
                0.02500000037252903,
                0.0,
                0.019845914095640182,
                3.6543331146240234
            ]
        },
        "id:24 gt:chair": {
            "attention": [
                0.02500000037252903,
                0.0,
                0.019845914095640182,
                3.6543331146240234
            ]
        },
        "id:25 gt:stairs": {
            "attention": [
                0.02500000037252903,
                0.0,
                0.0646369606256485,
                -1.083811640739441
            ]
        },
        "id:26 gt:office chair": {
            "attention": [
                0.02500000037252903,
                0.0,
                0.005404168739914894,
                0.8957844376564026
            ]
        },
        "id:27 gt:chair": {
            "attention": [
                0.02500000037252903,
                0.0,
                0.019845914095640182,
                3.6543331146240234
            ]
        },
        "id:28 gt:table": {
            "attention": [
                0.02500000037252903,
                0.0,
                0.019845914095640182,
                -0.43609103560447693
            ]
        },
        "id:29 gt:table": {
            "attention": [
                0.02500000037252903,
                0.0,
                0.019845914095640182,
                -0.43609103560447693
            ]
        },
        "id:30 gt:table": {
            "attention": [
                0.02500000037252903,
                0.0,
                0.019845914095640182,
                -0.43609103560447693
            ]
        },
        "id:31 gt:chair": {
            "attention": [
                0.02500000037252903,
                0.0,
                0.019845914095640182,
                3.6543331146240234
            ]
        },
        "id:32 gt:office chair": {
            "attention": [
                0.02500000037252903,
                0.0,
                0.059570230543613434,
                9.874244689941406
            ]
        },
        "id:33 gt:table": {
            "attention": [
                0.02500000037252903,
                0.0,
                0.019845914095640182,
                -0.43609103560447693
            ]
        },
        "id:34 gt:chair": {
            "attention": [
                0.02500000037252903,
                0.0,
                0.019845914095640182,
                3.6543331146240234
            ]
        },
        "id:35 gt:chair": {
            "attention": [
                0.02500000037252903,
                0.0,
                0.019845914095640182,
                3.6543331146240234
            ]
        },