{
    "scene_size": [
        9.299077987670898,
        5.949685096740723,
        2.8944997787475586
    ],
    "scene_center": [
        -0.12970662117004395,
        -0.38641393184661865,
        1.3210327625274658
    ],
    "object_info": {
        "id:0 gt:ceiling": {
            "attention": [
                0.011627906933426857,
                0.0,
                0.011166480369865894,
                -0.3067605495452881
            ]
        },
        "id:1 gt:trash can": {
            "attention": [
                0.011627906933426857,
                0.0,
                0.016327951103448868,
                -1.3819962739944458
            ]
        },
        "id:2 gt:wall": {
            "attention": [
                0.011627906933426857,
                0.0,
                0.010789457708597183,
                -0.6886127591133118
            ]
        },
        "id:3 gt:poster": {
            "attention": [
                0.011627906933426857,
                0.0,
                0.01174120418727398,
                -0.41314205527305603
            ]
        },
        "id:4 gt:kitchen cabinets": {
            "attention": [
                0.011627906933426857,
                0.0,
                0.010007384233176708,
                -0.6323017477989197
            ]
        },
        "id:5 gt:chair": {
            "attention": [
                0.011627906933426857,
                0.3333333432674408,
                0.011166480369865894,
                -0.9147983193397522
            ]
        },
        "id:6 gt:window": {
            "attention": [
                0.011627906933426857,
                0.0,
                0.011166480369865894,
                1.774497628211975
            ]
        },
        "id:7 gt:object": {
            "attention": [
                0.011627906933426857,
                0.0,
                0.008037651889026165,
                -0.6970060467720032
            ]
        },
        "id:8 gt:banana holder": {
            "attention": [
                0.011627906933426857,
                0.0,
                0.01229500025510788,
                -0.7242098450660706
            ]
        },
        "id:9 gt:chair": {
            "attention": [
                0.011627906933426857,
                0.3333333432674408,
                0.01089698076248169,
                -0.8927199840545654
            ]
        },
        "id:10 gt:microwave": {
            "attention": [
                0.011627906933426857,
                0.0,
                0.01174120418727398,
                -0.71402508020401
            ]
        },
        "id:11 gt:desk": {
            "attention": [
                0.011627906933426857,
                0.0,
                0.01174120418727398,
                -0.8521249294281006
            ]
        },
        "id:12 gt:book": {
            "attention": [
                0.011627906933426857,
                0.0,
                0.00803765282034874,
                -0.6570202112197876
            ]
        },
        "id:13 gt:kitchen cabinets": {
            "attention": [
                0.011627906933426857,
                0.0,
                0.016039663925766945,
                -1.0134423971176147
            ]
        },
        "id:14 gt:rice cooker": {
            "attention": [
                0.011627906933426857,
                0.0,
                0.011181137524545193,
                -1.1161352396011353
            ]
        },
        "id:15 gt:closet door": {
            "attention": [
                0.011627906933426857,
                0.0,
                0.011360075324773788,
                0.12447172403335571
            ]
        },
        "id:16 gt:wall": {
            "attention": [
                0.011627906933426857,
                0.0,
                0.011166480369865894,
                -0.7126753330230713
            ]
        },
        "id:17 gt:kitchen cabinet": {
            "attention": [
                0.011627906933426857,
                0.0,
                0.008968604728579521,
                -0.7679579854011536
            ]
        },
        "id:18 gt:wall": {
            "attention": [
                0.011627906933426857,
                0.0,
                0.010969776660203934,
                -0.7001211643218994
            ]
        },
        "id:19 gt:picture": {
            "attention": [
                0.011627906933426857,
                0.0,
                0.011166480369865894,
                -0.804938554763794
            ]
        },
        "id:20 gt:lamp base": {
            "attention": [
                0.011627906933426857,
                0.0,
                0.011360075324773788,
                -1.030090570449829
            ]
        },
        "id:21 gt:picture": {
            "attention": [
                0.011627906933426857,
                0.0,
                0.016327951103448868,
                -1.1770044565200806
            ]
        },
        "id:22 gt:ceiling": {
            "attention": [
                0.011627906933426857,
                0.0,
                0.011166480369865894,
                -0.3067605495452881
            ]
        },
        "id:23 gt:dishwasher": {
            "attention": [
                0.011627906933426857,
                0.0,
                0.011539412662386894,
                -0.10628268867731094
            ]
        },
        "id:24 gt:kitchen counter": {
            "attention": [
                0.011627906933426857,
                0.0,
                0.01174120418727398,
                -0.7935205101966858
            ]
        },
        "id:25 gt:kitchen cabinet": {
            "attention": [
                0.011627906933426857,
                0.0,
                0.010969776660203934,
                -0.9393130540847778
            ]
        },
        "id:26 gt:plant": {
            "attention": [
                0.011627906933426857,
                0.0,
                0.01174120418727398,
                -1.037331461906433
            ]
        },
        "id:27 gt:wall": {
            "attention": [
                0.011627906933426857,
                0.0,
                0.011166480369865894,
                -0.7126753330230713
            ]
        },
        "id:28 gt:object": {
            "attention": [
                0.011627906933426857,
                0.0,
                0.016327951103448868,
                -1.4159210920333862
            ]
        },
        "id:29 gt:kitchen cabinet": {
            "attention": [
                0.011627906933426857,
                0.0,
                0.011690436862409115,
                -1.0010212659835815
            ]
        },
        "id:30 gt:kitchen cabinet": {
            "attention": [
                0.011627906933426857,
                0.0,
                0.011166480369865894,
                -0.956156313419342
            ]
        },
        "id:31 gt:wall": {
            "attention": [
                0.011627906933426857,
                0.0,
                0.011166480369865894,
                -0.7126753330230713
            ]
        },
        "id:32 gt:ceiling": {
            "attention": [
                0.011627906933426857,
                0.0,
                0.014590516686439514,
                -0.4008241295814514
            ]
        },
        "id:33 gt:kitchen cabinet": {
            "attention": [
                0.011627906933426857,
                0.0,
                0.010476955212652683,
                -0.897114098072052
            ]
        },
        "id:34 gt:window": {
            "attention": [
                0.011627906933426857,
                0.0,
                0.008037651889026165,
                1.2772865295410156
            ]
        },