{
    "scene_size": [
        9.299077987670898,
        5.949685096740723,
        2.8944997787475586
    ],
    "scene_center": [
        -0.12970662117004395,
        -0.38641393184661865,
        1.3210327625274658
    ],
    "object_info": {
        "id:0 gt:kitchen cabinets": {
            "attention": [
                0.011627906933426857,
                0.0,
                0.009277974255383015,
                -0.655065655708313
            ]
        },
        "id:1 gt:sink": {
            "attention": [
                0.011627906933426857,
                0.0,
                0.008156910538673401,
                -0.648808479309082
            ]
        },
        "id:2 gt:object": {
            "attention": [
                0.011627906933426857,
                0.0,
                0.008156910538673401,
                -0.381039559841156
            ]
        },
        "id:3 gt:kitchen cabinet": {
            "attention": [
                0.011627906933426857,
                0.0,
                0.012003505602478981,
                -0.6531471610069275
            ]
        },
        "id:4 gt:cabinet": {
            "attention": [
                0.011627906933426857,
                0.0,
                0.011129611171782017,
                -0.5243458151817322
            ]
        },
        "id:5 gt:couch": {
            "attention": [
                0.011627906933426857,
                0.0,
                0.011036962270736694,
                -0.6463778614997864
            ]
        },
        "id:6 gt:banana holder": {
            "attention": [
                0.011627906933426857,
                0.0,
                0.0111233564093709,
                -0.5848813056945801
            ]
        },
        "id:7 gt:tissue box": {
            "attention": [
                0.011627906933426857,
                0.0,
                0.011129611171782017,
                -0.027968754991889
            ]
        },
        "id:8 gt:dishwasher": {
            "attention": [
                0.011627906933426857,
                0.0,
                0.010753384791314602,
                -0.6324538588523865
            ]
        },
        "id:9 gt:book": {
            "attention": [
                0.011627906933426857,
                0.0,
                0.016384171321988106,
                -0.6327142119407654
            ]
        },
        "id:10 gt:ceiling": {
            "attention": [
                0.011627906933426857,
                0.0,
                0.012003505602478981,
                -0.5496179461479187
            ]
        },
        "id:11 gt:refrigerator": {
            "attention": [
                0.011627906933426857,
                0.0,
                0.0111233564093709,
                -0.5032918453216553
            ]
        },
        "id:12 gt:ceiling": {
            "attention": [
                0.011627906933426857,
                0.0,
                0.015572532080113888,
                -0.7130369544029236
            ]
        },
        "id:13 gt:door": {
            "attention": [
                0.011627906933426857,
                0.0,
                0.011129611171782017,
                -0.6891719102859497
            ]
        },
        "id:14 gt:armchair": {
            "attention": [
                0.011627906933426857,
                0.0,
                0.016384171321988106,
                -0.6537669897079468
            ]
        },
        "id:15 gt:trash can": {
            "attention": [
                0.011627906933426857,
                0.0,
                0.008156910538673401,
                -0.5422505140304565
            ]
        },
        "id:16 gt:book": {
            "attention": [
                0.011627906933426857,
                0.0,
                0.012003505602478981,
                -0.4635442793369293
            ]
        },
        "id:17 gt:table": {
            "attention": [
                0.011627906933426857,
                0.0,
                0.011129611171782017,
                -0.6825495362281799
            ]
        },
        "id:18 gt:clock": {
            "attention": [
                0.011627906933426857,
                0.0,
                0.0108285928145051,
                -0.46560099720954895
            ]
        },
        "id:19 gt:kitchen cabinet": {
            "attention": [
                0.011627906933426857,
                0.0,
                0.012003505602478981,
                -0.6531471610069275
            ]
        },
        "id:20 gt:kitchen counter": {
            "attention": [
                0.011627906933426857,
                0.0,
                0.011129611171782017,
                -0.7456386089324951
            ]
        },
        "id:21 gt:window": {
            "attention": [
                0.011627906933426857,
                0.0,
                0.008156910538673401,
                -0.3653184175491333
            ]
        },
        "id:22 gt:breakfast bar": {
            "attention": [
                0.011627906933426857,
                0.0,
                0.011129611171782017,
                -0.6082644462585449
            ]
        },
        "id:23 gt:box": {
            "attention": [
                0.011627906933426857,
                0.0,
                0.0111233564093709,
                -0.2822582721710205
            ]
        },
        "id:24 gt:chair": {
            "attention": [
                0.011627906933426857,
                0.3333333432674408,
                0.011836986988782883,
                -0.7341194748878479
            ]
        },
        "id:25 gt:medal": {
            "attention": [
                0.011627906933426857,
                0.0,
                0.011129611171782017,
                -0.6936525702476501
            ]
        },
        "id:26 gt:bag": {
            "attention": [
                0.011627906933426857,
                0.0,
                0.011129611171782017,
                -0.6780322194099426
            ]
        },
        "id:27 gt:chair": {
            "attention": [
                0.011627906933426857,
                0.3333333432674408,
                0.012003505602478981,
                -0.7444468140602112
            ]
        },
        "id:28 gt:wall": {
            "attention": [
                0.011627906933426857,
                0.0,
                0.012003505602478981,
                -0.6840939521789551
            ]
        },
        "id:29 gt:fireplace": {
            "attention": [
                0.011627906933426857,
                0.0,
                0.011129611171782017,
                -0.3459591269493103
            ]
        },
        "id:30 gt:closet door": {
            "attention": [
                0.011627906933426857,
                0.0,
                0.010945083573460579,
                -0.528627872467041
            ]
        },
        "id:31 gt:kitchen cabinet": {
            "attention": [
                0.011627906933426857,
                0.0,
                0.011985892429947853,
                -0.652188777923584
            ]
        },
        "id:32 gt:pillow": {
            "attention": [
                0.011627906933426857,
                0.0,
                0.011036962270736694,
                -0.5927797555923462
            ]
        },
        "id:33 gt:kitchen cabinet": {
            "attention": [
                0.011627906933426857,
                0.0,
                0.011586405336856842,
                -0.6304514408111572
            ]
        },
        "id:34 gt:plant": {
            "attention": [
                0.011627906933426857,
                0.0,
                0.011129611171782017,
                -0.7642069458961487
            ]
        },