{
    "scene_size": [
        6.77490758895874,
        10.12890625,
        2.432450532913208
    ],
    "scene_center": [
        -0.26578545570373535,
        -0.3381474018096924,
        1.0898560285568237
    ],
    "object_info": {
        "id:0 gt:chair": {
            "attention": [
                0.02500000037252903,
                0.0,
                0.019121825695037842,
                3.521002769470215
            ]
        },
        "id:1 gt:chair": {
            "attention": [
                0.02500000037252903,
                0.0,
                0.019121825695037842,
                3.521002769470215
            ]
        },
        "id:2 gt:chair": {
            "attention": [
                0.02500000037252903,
                0.0,
                0.019121825695037842,
                3.521002769470215
            ]
        },
        "id:3 gt:chair": {
            "attention": [
                0.02500000037252903,
                0.0,
                0.019121825695037842,
                3.521002769470215
            ]
        },
        "id:4 gt:chair": {
            "attention": [
                0.02500000037252903,
                0.0,
                0.019121825695037842,
                3.521002769470215
            ]
        },
        "id:5 gt:chair": {
            "attention": [
                0.02500000037252903,
                0.0,
                0.019121825695037842,
                3.521002769470215
            ]
        },
        "id:6 gt:table": {
            "attention": [
                0.02500000037252903,
                0.0,
                0.019121825695037842,
                -0.4201800227165222
            ]
        },
        "id:7 gt:chair": {
            "attention": [
                0.02500000037252903,
                0.0,
                0.019121825695037842,
                3.521002769470215
            ]
        },
        "id:8 gt:table": {
            "attention": [
                0.02500000037252903,
                0.0,
                0.0974644348025322,
                -2.1416683197021484
            ]
        },
        "id:9 gt:chair": {
            "attention": [
                0.02500000037252903,
                0.0,
                0.019121825695037842,
                3.521002769470215
            ]
        },
        "id:10 gt:stair rail": {
            "attention": [
                0.02500000037252903,
                0.0,
                0.014093453995883465,
                -0.13227111101150513
            ]
        },
        "id:11 gt:chair": {
            "attention": [
                0.02500000037252903,
                0.0,
                0.019121825695037842,
                3.521002769470215
            ]
        },
        "id:12 gt:chair": {
            "attention": [
                0.02500000037252903,
                0.0,
                0.019121825695037842,
                3.521002769470215
            ]
        },
        "id:13 gt:sign": {
            "attention": [
                0.02500000037252903,
                0.0,
                0.029924409464001656,
                -1.375203251838684
            ]
        },
        "id:14 gt:table": {
            "attention": [
                0.02500000037252903,
                0.0,
                0.019121825695037842,
                -0.4201800227165222
            ]
        },
        "id:15 gt:table": {
            "attention": [
                0.02500000037252903,
                0.0,
                0.019121825695037842,
                -0.4201800227165222
            ]
        },
        "id:16 gt:table": {
            "attention": [
                0.02500000037252903,
                0.0,
                0.019121825695037842,
                -0.4201800227165222
            ]
        },
        "id:17 gt:chair": {
            "attention": [
                0.02500000037252903,
                0.0,
                0.019121825695037842,
                3.521002769470215
            ]
        },
        "id:18 gt:stairs": {
            "attention": [
                0.02500000037252903,
                1.0,
                0.019121825695037842,
                -0.3206286132335663
            ]
        },
        "id:19 gt:rail": {
            "attention": [
                0.02500000037252903,
                0.0,
                0.029924409464001656,
                0.044571977108716965
            ]
        },
        "id:20 gt:office chair": {
            "attention": [
                0.02500000037252903,
                0.0,
                0.0974644348025322,
                16.155513763427734
            ]
        },
        "id:21 gt:chair": {
            "attention": [
                0.02500000037252903,
                0.0,
                0.019121825695037842,
                3.521002769470215
            ]
        },
        "id:22 gt:table": {
            "attention": [
                0.02500000037252903,
                0.0,
                0.019121825695037842,
                -0.4201800227165222
            ]
        },
        "id:23 gt:floor": {
            "attention": [
                0.02500000037252903,
                0.0,
                0.029924409464001656,
                -1.0263545513153076
            ]
        },
        "id:24 gt:chair": {
            "attention": [
                0.02500000037252903,
                0.0,
                0.019121825695037842,
                3.521002769470215
            ]
        },
        "id:25 gt:chair": {
            "attention": [
                0.02500000037252903,
                0.0,
                0.006427546497434378,
                1.1835380792617798
            ]
        },
        "id:26 gt:table": {
            "attention": [
                0.02500000037252903,
                0.0,
                0.019121825695037842,
                -0.4201800227165222
            ]
        },
        "id:27 gt:chair": {
            "attention": [
                0.02500000037252903,
                0.0,
                0.019121825695037842,
                3.521002769470215
            ]
        },
        "id:28 gt:office chair": {
            "attention": [
                0.02500000037252903,
                0.0,
                0.006427546497434378,
                1.0654175281524658
            ]
        },
        "id:29 gt:table": {
            "attention": [
                0.02500000037252903,
                0.0,
                0.006427546497434378,
                -0.14123791456222534
            ]
        },
        "id:30 gt:chair": {
            "attention": [
                0.02500000037252903,
                0.0,
                0.019121825695037842,
                3.521002769470215
            ]
        },
        "id:31 gt:chair": {
            "attention": [
                0.02500000037252903,
                0.0,
                0.019121825695037842,
                3.521002769470215
            ]
        },
        "id:32 gt:chair": {
            "attention": [
                0.02500000037252903,
                0.0,
                0.019121825695037842,
                3.521002769470215
            ]
        },
        "id:33 gt:display sign": {
            "attention": [
                0.02500000037252903,
                0.0,
                0.029924409464001656,
                -1.8759890794754028
            ]
        },
        "id:34 gt:chair": {
            "attention": [
                0.02500000037252903,
                0.0,
                0.019121825695037842,
                3.521002769470215
            ]
        },
        "id:35 gt:chair": {
            "attention": [
                0.02500000037252903,
                0.0,
                0.019121825695037842,
                3.521002769470215
            ]
        },