{
    "scene_size": [
        9.299077987670898,
        5.949685096740723,
        2.8944997787475586
    ],
    "scene_center": [
        -0.12970662117004395,
        -0.38641393184661865,
        1.3210327625274658
    ],
    "object_info": {
        "id:0 gt:kitchen cabinet": {
            "attention": [
                0.011627906933426857,
                6.125548217509823e-37,
                0.00904800370335579,
                0.8508597016334534
            ]
        },
        "id:1 gt:kitchen counter": {
            "attention": [
                0.011627906933426857,
                7.006492321624085e-45,
                0.011859109625220299,
                0.898684561252594
            ]
        },
        "id:2 gt:kitchen cabinets": {
            "attention": [
                0.011627906933426857,
                0.0,
                0.007530598435550928,
                0.5138999223709106
            ]
        },
        "id:3 gt:window": {
            "attention": [
                0.011627906933426857,
                0.0,
                0.007530598435550928,
                -0.020482301712036133
            ]
        },
        "id:4 gt:clock": {
            "attention": [
                0.011627906933426857,
                0.0,
                0.011859109625220299,
                -0.08432351052761078
            ]
        },
        "id:5 gt:kitchen cabinet": {
            "attention": [
                0.011627906933426857,
                6.125548217509823e-37,
                0.017259545624256134,
                1.623059868812561
            ]
        },
        "id:6 gt:kitchen cabinet": {
            "attention": [
                0.011627906933426857,
                6.125548217509823e-37,
                0.010871163569390774,
                1.0223066806793213
            ]
        },
        "id:7 gt:chair": {
            "attention": [
                0.011627906933426857,
                0.0,
                0.017259545624256134,
                -0.09276594966650009
            ]
        },
        "id:8 gt:kitchen cabinet": {
            "attention": [
                0.011627906933426857,
                6.125548217509823e-37,
                0.00904800370335579,
                0.8508597016334534
            ]
        },
        "id:9 gt:picture": {
            "attention": [
                0.011627906933426857,
                0.0,
                0.013697859831154346,
                0.3019281029701233
            ]
        },
        "id:10 gt:poster": {
            "attention": [
                0.011627906933426857,
                0.0,
                0.011859109625220299,
                0.08429088443517685
            ]
        },
        "id:11 gt:breakfast bar": {
            "attention": [
                0.011627906933426857,
                5.198441754656632e-39,
                0.011859109625220299,
                1.0586521625518799
            ]
        },
        "id:12 gt:desk": {
            "attention": [
                0.011627906933426857,
                0.0,
                0.011859109625220299,
                -0.05306831747293472
            ]
        },
        "id:13 gt:pillow": {
            "attention": [
                0.011627906933426857,
                0.0,
                0.011859109625220299,
                -0.0997619479894638
            ]
        },
        "id:14 gt:wall": {
            "attention": [
                0.011627906933426857,
                0.0,
                0.010871163569390774,
                -0.16439500451087952
            ]
        },
        "id:15 gt:trash can": {
            "attention": [
                0.011627906933426857,
                0.5,
                0.010871163569390774,
                1.9212435483932495
            ]
        },
        "id:16 gt:kitchen cabinets": {
            "attention": [
                0.011627906933426857,
                0.0,
                0.010871163569390774,
                0.741865336894989
            ]
        },
        "id:17 gt:wall": {
            "attention": [
                0.011627906933426857,
                0.0,
                0.017259545624256134,
                -0.2610008716583252
            ]
        },
        "id:18 gt:kitchen island": {
            "attention": [
                0.011627906933426857,
                1.5806646677583937e-42,
                0.011859109625220299,
                0.9626080393791199
            ]
        },
        "id:19 gt:book": {
            "attention": [
                0.011627906933426857,
                0.0,
                0.00904800370335579,
                0.022829987108707428
            ]
        },
        "id:20 gt:picture": {
            "attention": [
                0.011627906933426857,
                0.0,
                0.013697859831154346,
                0.3019281029701233
            ]
        },
        "id:21 gt:wall": {
            "attention": [
                0.011627906933426857,
                0.0,
                0.00904800370335579,
                -0.13682496547698975
            ]
        },
        "id:22 gt:kitchen cabinet": {
            "attention": [
                0.011627906933426857,
                6.125548217509823e-37,
                0.010871163569390774,
                1.0223066806793213
            ]
        },
        "id:23 gt:wall": {
            "attention": [
                0.011627906933426857,
                0.0,
                0.010871163569390774,
                -0.16439500451087952
            ]
        },
        "id:24 gt:table": {
            "attention": [
                0.011627906933426857,
                0.0,
                0.011859109625220299,
                0.10292910039424896
            ]
        },
        "id:25 gt:microwave": {
            "attention": [
                0.011627906933426857,
                0.0,
                0.011859109625220299,
                0.13978765904903412
            ]
        },
        "id:26 gt:rice cooker": {
            "attention": [
                0.011627906933426857,
                1.3306320985630202e-31,
                0.011859109625220299,
                1.2609446048736572
            ]
        },
        "id:27 gt:wall": {
            "attention": [
                0.011627906933426857,
                0.0,
                0.010871163569390774,
                -0.16439500451087952
            ]
        },
        "id:28 gt:shelf": {
            "attention": [
                0.011627906933426857,
                0.0,
                0.011859109625220299,
                0.159856379032135
            ]
        },
        "id:29 gt:refrigerator": {
            "attention": [
                0.011627906933426857,
                0.0,
                0.011859109625220299,
                -0.12194433063268661
            ]
        },
        "id:30 gt:range hood": {
            "attention": [
                0.011627906933426857,
                4.4477213257669694e-42,
                0.011859109625220299,
                0.9748824834823608
            ]
        },
        "id:31 gt:armchair": {
            "attention": [
                0.011627906933426857,
                0.0,
                0.007530598435550928,
                0.10680132359266281
            ]
        },
        "id:32 gt:doorframe": {
            "attention": [
                0.011627906933426857,
                0.0,
                0.011859109625220299,
                0.8392786383628845
            ]
        },
        "id:33 gt:stool": {
            "attention": [
                0.011627906933426857,
                0.0,
                0.011859109625220299,
                0.44638389348983765
            ]
        },