{
    "scene_size": [
        6.77490758895874,
        10.12890625,
        2.432450532913208
    ],
    "scene_center": [
        -0.26578545570373535,
        -0.3381474018096924,
        1.0898560285568237
    ],
    "object_info": {
        "id:0 gt:table": {
            "attention": [
                0.02500000037252903,
                0.0,
                0.01912182755768299,
                -0.4201800525188446
            ]
        },
        "id:1 gt:floor": {
            "attention": [
                0.02500000037252903,
                0.0,
                0.029924411326646805,
                -1.0263546705245972
            ]
        },
        "id:2 gt:chair": {
            "attention": [
                0.02500000037252903,
                0.0,
                0.01912182755768299,
                3.521003246307373
            ]
        },
        "id:3 gt:chair": {
            "attention": [
                0.02500000037252903,
                0.0,
                0.01912182755768299,
                3.521003246307373
            ]
        },
        "id:4 gt:chair": {
            "attention": [
                0.02500000037252903,
                0.0,
                0.01912182755768299,
                3.521003246307373
            ]
        },
        "id:5 gt:chair": {
            "attention": [
                0.02500000037252903,
                0.0,
                0.01912182755768299,
                3.521003246307373
            ]
        },
        "id:6 gt:table": {
            "attention": [
                0.02500000037252903,
                0.0,
                0.01912182755768299,
                -0.4201800525188446
            ]
        },
        "id:7 gt:chair": {
            "attention": [
                0.02500000037252903,
                0.0,
                0.01912182755768299,
                3.521003246307373
            ]
        },
        "id:8 gt:table": {
            "attention": [
                0.02500000037252903,
                0.0,
                0.01912182755768299,
                -0.4201800525188446
            ]
        },
        "id:9 gt:sign": {
            "attention": [
                0.02500000037252903,
                0.0,
                0.029924411326646805,
                -1.3752033710479736
            ]
        },
        "id:10 gt:chair": {
            "attention": [
                0.02500000037252903,
                0.0,
                0.01912182755768299,
                3.521003246307373
            ]
        },
        "id:11 gt:chair": {
            "attention": [
                0.02500000037252903,
                0.0,
                0.01912182755768299,
                3.521003246307373
            ]
        },
        "id:12 gt:office chair": {
            "attention": [
                0.02500000037252903,
                0.0,
                0.006427546497434378,
                1.0654175281524658
            ]
        },
        "id:13 gt:rail": {
            "attention": [
                0.02500000037252903,
                0.0,
                0.029924411326646805,
                0.04457198083400726
            ]
        },
        "id:14 gt:chair": {
            "attention": [
                0.02500000037252903,
                0.0,
                0.01912182755768299,
                3.521003246307373
            ]
        },
        "id:15 gt:chair": {
            "attention": [
                0.02500000037252903,
                0.0,
                0.01912182755768299,
                3.521003246307373
            ]
        },
        "id:16 gt:table": {
            "attention": [
                0.02500000037252903,
                0.0,
                0.01912182755768299,
                -0.4201800525188446
            ]
        },
        "id:17 gt:table": {
            "attention": [
                0.02500000037252903,
                0.0,
                0.01912182755768299,
                -0.4201800525188446
            ]
        },
        "id:18 gt:chair": {
            "attention": [
                0.02500000037252903,
                0.0,
                0.01912182755768299,
                3.521003246307373
            ]
        },
        "id:19 gt:chair": {
            "attention": [
                0.02500000037252903,
                0.0,
                0.006427546497434378,
                1.1835380792617798
            ]
        },
        "id:20 gt:chair": {
            "attention": [
                0.02500000037252903,
                0.0,
                0.01912182755768299,
                3.521003246307373
            ]
        },
        "id:21 gt:stairs": {
            "attention": [
                0.02500000037252903,
                1.0,
                0.01912182755768299,
                -0.32062864303588867
            ]
        },
        "id:22 gt:chair": {
            "attention": [
                0.02500000037252903,
                0.0,
                0.01912182755768299,
                3.521003246307373
            ]
        },
        "id:23 gt:table": {
            "attention": [
                0.02500000037252903,
                0.0,
                0.006427546497434378,
                -0.14123791456222534
            ]
        },
        "id:24 gt:chair": {
            "attention": [
                0.02500000037252903,
                0.0,
                0.01912182755768299,
                3.521003246307373
            ]
        },
        "id:25 gt:chair": {
            "attention": [
                0.02500000037252903,
                0.0,
                0.01912182755768299,
                3.521003246307373
            ]
        },
        "id:26 gt:chair": {
            "attention": [
                0.02500000037252903,
                0.0,
                0.01912182755768299,
                3.521003246307373
            ]
        },
        "id:27 gt:chair": {
            "attention": [
                0.02500000037252903,
                0.0,
                0.01912182755768299,
                3.521003246307373
            ]
        },
        "id:28 gt:chair": {
            "attention": [
                0.02500000037252903,
                0.0,
                0.097464419901371,
                17.946638107299805
            ]
        },
        "id:29 gt:chair": {
            "attention": [
                0.02500000037252903,
                0.0,
                0.01912182755768299,
                3.521003246307373
            ]
        },
        "id:30 gt:chair": {
            "attention": [
                0.02500000037252903,
                0.0,
                0.01912182755768299,
                3.521003246307373
            ]
        },
        "id:31 gt:chair": {
            "attention": [
                0.02500000037252903,
                0.0,
                0.01912182755768299,
                3.521003246307373
            ]
        },
        "id:32 gt:table": {
            "attention": [
                0.02500000037252903,
                0.0,
                0.097464419901371,
                -2.1416680812835693
            ]
        },
        "id:33 gt:chair": {
            "attention": [
                0.02500000037252903,
                0.0,
                0.01912182755768299,
                3.521003246307373
            ]
        },
        "id:34 gt:chair": {
            "attention": [
                0.02500000037252903,
                0.0,
                0.01912182755768299,
                3.521003246307373
            ]
        },
        "id:35 gt:office chair": {
            "attention": [
                0.02500000037252903,
                0.0,
                0.097464419901371,
                16.1555118560791
            ]
        },
        "id:36 gt:chair": {
            "attention": [
                0.02500000037252903,
                0.0,
                0.01912182755768299,
                3.521003246307373
            ]
        },