{
    "scene_size": [
        6.77490758895874,
        10.12890625,
        2.432450532913208
    ],
    "scene_center": [
        -0.26578545570373535,
        -0.3381474018096924,
        1.0898560285568237
    ],
    "object_info": {
        "id:0 gt:chair": {
            "attention": [
                0.02500000037252903,
                0.0,
                0.01945471577346325,
                3.5822997093200684
            ]
        },
        "id:1 gt:chair": {
            "attention": [
                0.02500000037252903,
                0.0,
                0.01945471577346325,
                3.5822997093200684
            ]
        },
        "id:2 gt:table": {
            "attention": [
                0.02500000037252903,
                0.0,
                0.01945471577346325,
                -0.42749491333961487
            ]
        },
        "id:3 gt:chair": {
            "attention": [
                0.02500000037252903,
                0.0,
                0.006539443042129278,
                1.2041422128677368
            ]
        },
        "id:4 gt:table": {
            "attention": [
                0.02500000037252903,
                0.0,
                0.01945471577346325,
                -0.42749491333961487
            ]
        },
        "id:5 gt:stair rail": {
            "attention": [
                0.02500000037252903,
                0.0,
                0.030445367097854614,
                -0.2857385277748108
            ]
        },
        "id:6 gt:table": {
            "attention": [
                0.02500000037252903,
                0.0,
                0.01945471577346325,
                -0.42749491333961487
            ]
        },
        "id:7 gt:rail": {
            "attention": [
                0.02500000037252903,
                0.0,
                0.030445367097854614,
                0.04534793645143509
            ]
        },
        "id:8 gt:office chair": {
            "attention": [
                0.02500000037252903,
                0.0,
                0.09916118532419205,
                16.436763763427734
            ]
        },
        "id:9 gt:chair": {
            "attention": [
                0.02500000037252903,
                0.0,
                0.01945471577346325,
                3.5822997093200684
            ]
        },
        "id:10 gt:chair": {
            "attention": [
                0.02500000037252903,
                0.0,
                0.01945471577346325,
                3.5822997093200684
            ]
        },
        "id:11 gt:chair": {
            "attention": [
                0.02500000037252903,
                0.0,
                0.01945471577346325,
                3.5822997093200684
            ]
        },
        "id:12 gt:stairs": {
            "attention": [
                0.02500000037252903,
                0.0,
                0.030445367097854614,
                -0.5104981064796448
            ]
        },
        "id:13 gt:chair": {
            "attention": [
                0.02500000037252903,
                0.0,
                0.09916118532419205,
                18.25907325744629
            ]
        },
        "id:14 gt:floor": {
            "attention": [
                0.02500000037252903,
                0.0,
                0.009845107793807983,
                -0.33766987919807434
            ]
        },
        "id:15 gt:chair": {
            "attention": [
                0.02500000037252903,
                0.0,
                0.01945471577346325,
                3.5822997093200684
            ]
        },
        "id:16 gt:chair": {
            "attention": [
                0.02500000037252903,
                0.0,
                0.01945471577346325,
                3.5822997093200684
            ]
        },
        "id:17 gt:chair": {
            "attention": [
                0.02500000037252903,
                0.0,
                0.01945471577346325,
                3.5822997093200684
            ]
        },
        "id:18 gt:chair": {
            "attention": [
                0.02500000037252903,
                0.0,
                0.01945471577346325,
                3.5822997093200684
            ]
        },
        "id:19 gt:table": {
            "attention": [
                0.02500000037252903,
                0.0,
                0.006539443042129278,
                -0.14369671046733856
            ]
        },
        "id:20 gt:chair": {
            "attention": [
                0.02500000037252903,
                0.0,
                0.01945471577346325,
                3.5822997093200684
            ]
        },
        "id:21 gt:chair": {
            "attention": [
                0.02500000037252903,
                0.0,
                0.01945471577346325,
                3.5822997093200684
            ]
        },
        "id:22 gt:chair": {
            "attention": [
                0.02500000037252903,
                0.0,
                0.01945471577346325,
                3.5822997093200684
            ]
        },
        "id:23 gt:chair": {
            "attention": [
                0.02500000037252903,
                0.0,
                0.01945471577346325,
                3.5822997093200684
            ]
        },
        "id:24 gt:chair": {
            "attention": [
                0.02500000037252903,
                0.0,
                0.01945471577346325,
                3.5822997093200684
            ]
        },
        "id:25 gt:chair": {
            "attention": [
                0.02500000037252903,
                0.0,
                0.01945471577346325,
                3.5822997093200684
            ]
        },
        "id:26 gt:table": {
            "attention": [
                0.02500000037252903,
                0.0,
                0.09916118532419205,
                -2.17895245552063
            ]
        },
        "id:27 gt:sign": {
            "attention": [
                0.02500000037252903,
                1.0,
                0.01945471577346325,
                -0.8940590023994446
            ]
        },
        "id:28 gt:chair": {
            "attention": [
                0.02500000037252903,
                0.0,
                0.01945471577346325,
                3.5822997093200684
            ]
        },
        "id:29 gt:office chair": {
            "attention": [
                0.02500000037252903,
                0.0,
                0.006539443042129278,
                1.0839653015136719
            ]
        },
        "id:30 gt:chair": {
            "attention": [
                0.02500000037252903,
                0.0,
                0.01945471577346325,
                3.5822997093200684
            ]
        },
        "id:31 gt:display sign": {
            "attention": [
                0.02500000037252903,
                1.060005236391175e-14,
                0.030445367097854614,
                -1.9086483716964722
            ]
        },
        "id:32 gt:table": {
            "attention": [
                0.02500000037252903,
                0.0,
                0.006539443042129278,
                -0.14369671046733856
            ]
        },
        "id:33 gt:table": {
            "attention": [
                0.02500000037252903,
                0.0,
                0.01945471577346325,
                -0.42749491333961487
            ]
        },
        "id:34 gt:chair": {
            "attention": [
                0.02500000037252903,
                0.0,
                0.01945471577346325,
                3.5822997093200684
            ]
        },
        "id:35 gt:chair": {
            "attention": [
                0.02500000037252903,
                0.0,
                0.01945471577346325,
                3.5822997093200684
            ]
        },