{
    "scene_size": [
        6.77490758895874,
        10.12890625,
        2.432450532913208
    ],
    "scene_center": [
        -0.26578545570373535,
        -0.3381474018096924,
        1.0898560285568237
    ],
    "object_info": {
        "id:0 gt:table": {
            "attention": [
                0.02500000037252903,
                0.0,
                0.0194547176361084,
                -0.42749494314193726
            ]
        },
        "id:1 gt:office chair": {
            "attention": [
                0.02500000037252903,
                0.0,
                0.09916119277477264,
                16.436765670776367
            ]
        },
        "id:2 gt:chair": {
            "attention": [
                0.02500000037252903,
                0.0,
                0.0194547176361084,
                3.5822999477386475
            ]
        },
        "id:3 gt:chair": {
            "attention": [
                0.02500000037252903,
                0.0,
                0.0194547176361084,
                3.5822999477386475
            ]
        },
        "id:4 gt:chair": {
            "attention": [
                0.02500000037252903,
                0.0,
                0.0194547176361084,
                3.5822999477386475
            ]
        },
        "id:5 gt:chair": {
            "attention": [
                0.02500000037252903,
                0.0,
                0.0194547176361084,
                3.5822999477386475
            ]
        },
        "id:6 gt:chair": {
            "attention": [
                0.02500000037252903,
                0.0,
                0.0194547176361084,
                3.5822999477386475
            ]
        },
        "id:7 gt:table": {
            "attention": [
                0.02500000037252903,
                0.0,
                0.0194547176361084,
                -0.42749494314193726
            ]
        },
        "id:8 gt:sign": {
            "attention": [
                0.02500000037252903,
                1.0,
                0.0194547176361084,
                -0.8940591216087341
            ]
        },
        "id:9 gt:office chair": {
            "attention": [
                0.02500000037252903,
                0.0,
                0.0065394435077905655,
                1.0839653015136719
            ]
        },
        "id:10 gt:stair rail": {
            "attention": [
                0.02500000037252903,
                0.0,
                0.030445367097854614,
                -0.2857385277748108
            ]
        },
        "id:11 gt:chair": {
            "attention": [
                0.02500000037252903,
                0.0,
                0.0194547176361084,
                3.5822999477386475
            ]
        },
        "id:12 gt:chair": {
            "attention": [
                0.02500000037252903,
                0.0,
                0.0194547176361084,
                3.5822999477386475
            ]
        },
        "id:13 gt:chair": {
            "attention": [
                0.02500000037252903,
                0.0,
                0.0194547176361084,
                3.5822999477386475
            ]
        },
        "id:14 gt:chair": {
            "attention": [
                0.02500000037252903,
                0.0,
                0.0194547176361084,
                3.5822999477386475
            ]
        },
        "id:15 gt:chair": {
            "attention": [
                0.02500000037252903,
                0.0,
                0.0194547176361084,
                3.5822999477386475
            ]
        },
        "id:16 gt:chair": {
            "attention": [
                0.02500000037252903,
                0.0,
                0.0194547176361084,
                3.5822999477386475
            ]
        },
        "id:17 gt:rail": {
            "attention": [
                0.02500000037252903,
                0.0,
                0.030445367097854614,
                0.04534793645143509
            ]
        },
        "id:18 gt:chair": {
            "attention": [
                0.02500000037252903,
                0.0,
                0.0194547176361084,
                3.5822999477386475
            ]
        },
        "id:19 gt:table": {
            "attention": [
                0.02500000037252903,
                0.0,
                0.0194547176361084,
                -0.42749494314193726
            ]
        },
        "id:20 gt:chair": {
            "attention": [
                0.02500000037252903,
                0.0,
                0.0194547176361084,
                3.5822999477386475
            ]
        },
        "id:21 gt:chair": {
            "attention": [
                0.02500000037252903,
                0.0,
                0.0194547176361084,
                3.5822999477386475
            ]
        },
        "id:22 gt:chair": {
            "attention": [
                0.02500000037252903,
                0.0,
                0.0194547176361084,
                3.5822999477386475
            ]
        },
        "id:23 gt:chair": {
            "attention": [
                0.02500000037252903,
                0.0,
                0.0194547176361084,
                3.5822999477386475
            ]
        },
        "id:24 gt:table": {
            "attention": [
                0.02500000037252903,
                0.0,
                0.0065394435077905655,
                -0.14369671046733856
            ]
        },
        "id:25 gt:chair": {
            "attention": [
                0.02500000037252903,
                0.0,
                0.0194547176361084,
                3.5822999477386475
            ]
        },
        "id:26 gt:table": {
            "attention": [
                0.02500000037252903,
                0.0,
                0.0194547176361084,
                -0.42749494314193726
            ]
        },
        "id:27 gt:chair": {
            "attention": [
                0.02500000037252903,
                0.0,
                0.0194547176361084,
                3.5822999477386475
            ]
        },
        "id:28 gt:chair": {
            "attention": [
                0.02500000037252903,
                0.0,
                0.0194547176361084,
                3.5822999477386475
            ]
        },
        "id:29 gt:stairs": {
            "attention": [
                0.02500000037252903,
                0.0,
                0.030445367097854614,
                -0.5104981064796448
            ]
        },
        "id:30 gt:table": {
            "attention": [
                0.02500000037252903,
                0.0,
                0.0065394435077905655,
                -0.14369671046733856
            ]
        },
        "id:31 gt:chair": {
            "attention": [
                0.02500000037252903,
                0.0,
                0.0194547176361084,
                3.5822999477386475
            ]
        },
        "id:32 gt:floor": {
            "attention": [
                0.02500000037252903,
                0.0,
                0.009845106862485409,
                -0.33766984939575195
            ]
        },
        "id:33 gt:table": {
            "attention": [
                0.02500000037252903,
                0.0,
                0.09916119277477264,
                -2.178952693939209
            ]
        },
        "id:34 gt:display sign": {
            "attention": [
                0.02500000037252903,
                1.060005236391175e-14,
                0.030445367097854614,
                -1.9086483716964722
            ]
        },
        "id:35 gt:chair": {
            "attention": [
                0.02500000037252903,
                0.0,
                0.0194547176361084,
                3.5822999477386475
            ]
        },