{
    "scene_size": [
        6.77490758895874,
        10.12890625,
        2.432450532913208
    ],
    "scene_center": [
        -0.26578545570373535,
        -0.3381474018096924,
        1.0898560285568237
    ],
    "object_info": {
        "id:0 gt:chair": {
            "attention": [
                0.02500000037252903,
                0.0,
                0.019002491608262062,
                3.4990291595458984
            ]
        },
        "id:1 gt:chair": {
            "attention": [
                0.02500000037252903,
                0.0,
                0.019002491608262062,
                3.4990291595458984
            ]
        },
        "id:2 gt:chair": {
            "attention": [
                0.02500000037252903,
                0.0,
                0.019002491608262062,
                3.4990291595458984
            ]
        },
        "id:3 gt:chair": {
            "attention": [
                0.02500000037252903,
                0.0,
                0.019002491608262062,
                3.4990291595458984
            ]
        },
        "id:4 gt:chair": {
            "attention": [
                0.02500000037252903,
                0.0,
                0.006518390495330095,
                1.200265645980835
            ]
        },
        "id:5 gt:chair": {
            "attention": [
                0.02500000037252903,
                0.0,
                0.019002491608262062,
                3.4990291595458984
            ]
        },
        "id:6 gt:chair": {
            "attention": [
                0.02500000037252903,
                0.0,
                0.019002491608262062,
                3.4990291595458984
            ]
        },
        "id:7 gt:table": {
            "attention": [
                0.02500000037252903,
                0.0,
                0.019002491608262062,
                -0.41755780577659607
            ]
        },
        "id:8 gt:chair": {
            "attention": [
                0.02500000037252903,
                0.0,
                0.019002491608262062,
                3.4990291595458984
            ]
        },
        "id:9 gt:sign": {
            "attention": [
                0.02500000037252903,
                0.0,
                0.024181481450796127,
                -1.1112817525863647
            ]
        },
        "id:10 gt:chair": {
            "attention": [
                0.02500000037252903,
                0.0,
                0.019002491608262062,
                3.4990291595458984
            ]
        },
        "id:11 gt:chair": {
            "attention": [
                0.02500000037252903,
                0.0,
                0.019002491608262062,
                3.4990291595458984
            ]
        },
        "id:12 gt:chair": {
            "attention": [
                0.02500000037252903,
                0.0,
                0.019002491608262062,
                3.4990291595458984
            ]
        },
        "id:13 gt:display sign": {
            "attention": [
                0.02500000037252903,
                0.0,
                0.024181481450796127,
                -1.5159595012664795
            ]
        },
        "id:14 gt:table": {
            "attention": [
                0.02500000037252903,
                0.0,
                0.019002491608262062,
                -0.41755780577659607
            ]
        },
        "id:15 gt:chair": {
            "attention": [
                0.02500000037252903,
                0.0,
                0.019002491608262062,
                3.4990291595458984
            ]
        },
        "id:16 gt:table": {
            "attention": [
                0.02500000037252903,
                0.0,
                0.07107645273208618,
                -1.5618228912353516
            ]
        },
        "id:17 gt:chair": {
            "attention": [
                0.02500000037252903,
                0.0,
                0.019002491608262062,
                3.4990291595458984
            ]
        },
        "id:18 gt:office chair": {
            "attention": [
                0.02500000037252903,
                0.0,
                0.006518390495330095,
                1.0804756879806519
            ]
        },
        "id:19 gt:chair": {
            "attention": [
                0.02500000037252903,
                0.0,
                0.019002491608262062,
                3.4990291595458984
            ]
        },
        "id:20 gt:chair": {
            "attention": [
                0.02500000037252903,
                0.0,
                0.019002491608262062,
                3.4990291595458984
            ]
        },
        "id:21 gt:chair": {
            "attention": [
                0.02500000037252903,
                0.0,
                0.019002491608262062,
                3.4990291595458984
            ]
        },
        "id:22 gt:table": {
            "attention": [
                0.02500000037252903,
                0.0,
                0.019002491608262062,
                -0.41755780577659607
            ]
        },
        "id:23 gt:floor": {
            "attention": [
                0.02500000037252903,
                0.0,
                0.024181481450796127,
                -0.8293822407722473
            ]
        },
        "id:24 gt:office chair": {
            "attention": [
                0.02500000037252903,
                0.0,
                0.07107645273208618,
                11.781493186950684
            ]
        },
        "id:25 gt:chair": {
            "attention": [
                0.02500000037252903,
                0.0,
                0.019002491608262062,
                3.4990291595458984
            ]
        },
        "id:26 gt:table": {
            "attention": [
                0.02500000037252903,
                0.0,
                0.019002491608262062,
                -0.41755780577659607
            ]
        },
        "id:27 gt:chair": {
            "attention": [
                0.02500000037252903,
                0.0,
                0.019002491608262062,
                3.4990291595458984
            ]
        },
        "id:28 gt:table": {
            "attention": [
                0.02500000037252903,
                0.0,
                0.019002491608262062,
                -0.41755780577659607
            ]
        },
        "id:29 gt:table": {
            "attention": [
                0.02500000037252903,
                0.0,
                0.006518390495330095,
                -0.14323410391807556
            ]
        },
        "id:30 gt:chair": {
            "attention": [
                0.02500000037252903,
                0.0,
                0.07107645273208618,
                13.087682723999023
            ]
        },
        "id:31 gt:chair": {
            "attention": [
                0.02500000037252903,
                0.0,
                0.019002491608262062,
                3.4990291595458984
            ]
        },
        "id:32 gt:chair": {
            "attention": [
                0.02500000037252903,
                0.0,
                0.019002491608262062,
                3.4990291595458984
            ]
        },
        "id:33 gt:chair": {
            "attention": [
                0.02500000037252903,
                0.0,
                0.019002491608262062,
                3.4990291595458984
            ]
        },
        "id:34 gt:stairs": {
            "attention": [
                0.02500000037252903,
                1.0,
                0.019002491608262062,
                -0.31862765550613403
            ]
        },
        "id:35 gt:table": {
            "attention": [
                0.02500000037252903,
                0.0,
                0.019002491608262062,
                -0.41755780577659607
            ]
        },