{
    "scene_size": [
        6.77490758895874,
        10.12890625,
        2.432450532913208
    ],
    "scene_center": [
        -0.26578545570373535,
        -0.3381474018096924,
        1.0898560285568237
    ],
    "object_info": {
        "id:0 gt:stairs": {
            "attention": [
                0.02500000037252903,
                0.0,
                0.10681013762950897,
                -1.7909579277038574
            ]
        },
        "id:1 gt:chair": {
            "attention": [
                0.02500000037252903,
                0.0,
                0.016996365040540695,
                3.1296305656433105
            ]
        },
        "id:2 gt:chair": {
            "attention": [
                0.02500000037252903,
                0.0,
                0.016996365040540695,
                3.1296305656433105
            ]
        },
        "id:3 gt:chair": {
            "attention": [
                0.02500000037252903,
                0.0,
                0.016996365040540695,
                3.1296305656433105
            ]
        },
        "id:4 gt:floor": {
            "attention": [
                0.02500000037252903,
                0.0,
                0.12720048427581787,
                -4.362752914428711
            ]
        },
        "id:5 gt:chair": {
            "attention": [
                0.02500000037252903,
                0.0,
                0.016996365040540695,
                3.1296305656433105
            ]
        },
        "id:6 gt:table": {
            "attention": [
                0.02500000037252903,
                0.0,
                0.016996365040540695,
                -0.37347549200057983
            ]
        },
        "id:7 gt:display sign": {
            "attention": [
                0.02500000037252903,
                0.0,
                0.021628592163324356,
                -1.3559165000915527
            ]
        },
        "id:8 gt:chair": {
            "attention": [
                0.02500000037252903,
                0.0,
                0.016996365040540695,
                3.1296305656433105
            ]
        },
        "id:9 gt:table": {
            "attention": [
                0.02500000037252903,
                0.0,
                0.016996365040540695,
                -0.37347549200057983
            ]
        },
        "id:10 gt:chair": {
            "attention": [
                0.02500000037252903,
                0.0,
                0.016996365040540695,
                3.1296305656433105
            ]
        },
        "id:11 gt:chair": {
            "attention": [
                0.02500000037252903,
                0.0,
                0.016996365040540695,
                3.1296305656433105
            ]
        },
        "id:12 gt:chair": {
            "attention": [
                0.02500000037252903,
                0.0,
                0.016996365040540695,
                3.1296305656433105
            ]
        },
        "id:13 gt:chair": {
            "attention": [
                0.02500000037252903,
                0.0,
                0.016996365040540695,
                3.1296305656433105
            ]
        },
        "id:14 gt:table": {
            "attention": [
                0.02500000037252903,
                0.0,
                0.016996365040540695,
                -0.37347549200057983
            ]
        },
        "id:15 gt:table": {
            "attention": [
                0.02500000037252903,
                0.0,
                0.0058302320539951324,
                -0.12811261415481567
            ]
        },
        "id:16 gt:chair": {
            "attention": [
                0.02500000037252903,
                0.0,
                0.016996365040540695,
                3.1296305656433105
            ]
        },
        "id:17 gt:chair": {
            "attention": [
                0.02500000037252903,
                0.0,
                0.016996365040540695,
                3.1296305656433105
            ]
        },
        "id:18 gt:sign": {
            "attention": [
                0.02500000037252903,
                0.0,
                0.021628592163324356,
                -0.9939614534378052
            ]
        },
        "id:19 gt:chair": {
            "attention": [
                0.02500000037252903,
                0.0,
                0.016996365040540695,
                3.1296305656433105
            ]
        },
        "id:20 gt:table": {
            "attention": [
                0.02500000037252903,
                0.0,
                0.016996365040540695,
                -0.37347549200057983
            ]
        },
        "id:21 gt:chair": {
            "attention": [
                0.02500000037252903,
                0.0,
                0.016996365040540695,
                3.1296305656433105
            ]
        },
        "id:22 gt:chair": {
            "attention": [
                0.02500000037252903,
                0.0,
                0.016996365040540695,
                3.1296305656433105
            ]
        },
        "id:23 gt:office chair": {
            "attention": [
                0.02500000037252903,
                0.0,
                0.06357277929782867,
                10.537699699401855
            ]
        },
        "id:24 gt:chair": {
            "attention": [
                0.02500000037252903,
                0.0,
                0.016996365040540695,
                3.1296305656433105
            ]
        },
        "id:25 gt:chair": {
            "attention": [
                0.02500000037252903,
                0.0,
                0.016996365040540695,
                3.1296305656433105
            ]
        },
        "id:26 gt:stair rail": {
            "attention": [
                0.02500000037252903,
                1.0,
                0.016996365040540695,
                -0.15951576828956604
            ]
        },
        "id:27 gt:rail": {
            "attention": [
                0.02500000037252903,
                4.171593737112289e-09,
                0.021628592163324356,
                0.03221547603607178
            ]
        },
        "id:28 gt:chair": {
            "attention": [
                0.02500000037252903,
                0.0,
                0.06357277929782867,
                11.705991744995117
            ]
        },
        "id:29 gt:chair": {
            "attention": [
                0.02500000037252903,
                0.0,
                0.016996365040540695,
                3.1296305656433105
            ]
        },
        "id:30 gt:chair": {
            "attention": [
                0.02500000037252903,
                0.0,
                0.016996365040540695,
                3.1296305656433105
            ]
        },
        "id:31 gt:chair": {
            "attention": [
                0.02500000037252903,
                0.0,
                0.016996365040540695,
                3.1296305656433105
            ]
        },
        "id:32 gt:table": {
            "attention": [
                0.02500000037252903,
                0.0,
                0.06357277929782867,
                -1.3969383239746094
            ]
        },
        "id:33 gt:chair": {
            "attention": [
                0.02500000037252903,
                0.0,
                0.0058302320539951324,
                1.0735514163970947
            ]
        },
        "id:34 gt:office chair": {
            "attention": [
                0.02500000037252903,
                0.0,
                0.0058302320539951324,
                0.966407835483551
            ]
        },
        "id:35 gt:table": {
            "attention": [
                0.02500000037252903,
                0.0,
                0.016996365040540695,
                -0.37347549200057983
            ]
        },