{
    "scene_size": [
        6.77490758895874,
        10.12890625,
        2.432450532913208
    ],
    "scene_center": [
        -0.26578545570373535,
        -0.3381474018096924,
        1.0898560285568237
    ],
    "object_info": {
        "id:0 gt:chair": {
            "attention": [
                0.02500000037252903,
                0.0,
                0.020019754767417908,
                3.686343193054199
            ]
        },
        "id:1 gt:chair": {
            "attention": [
                0.02500000037252903,
                0.0,
                0.020019754767417908,
                3.686343193054199
            ]
        },
        "id:2 gt:chair": {
            "attention": [
                0.02500000037252903,
                0.0,
                0.020019754767417908,
                3.686343193054199
            ]
        },
        "id:3 gt:chair": {
            "attention": [
                0.02500000037252903,
                0.0,
                0.020019754767417908,
                3.686343193054199
            ]
        },
        "id:4 gt:chair": {
            "attention": [
                0.02500000037252903,
                0.0,
                0.020019754767417908,
                3.686343193054199
            ]
        },
        "id:5 gt:chair": {
            "attention": [
                0.02500000037252903,
                0.0,
                0.020019754767417908,
                3.686343193054199
            ]
        },
        "id:6 gt:floor": {
            "attention": [
                0.02500000037252903,
                0.0,
                0.11723887175321579,
                -4.021087169647217
            ]
        },
        "id:7 gt:chair": {
            "attention": [
                0.02500000037252903,
                0.0,
                0.020019754767417908,
                3.686343193054199
            ]
        },
        "id:8 gt:chair": {
            "attention": [
                0.02500000037252903,
                0.0,
                0.020019754767417908,
                3.686343193054199
            ]
        },
        "id:9 gt:chair": {
            "attention": [
                0.02500000037252903,
                0.0,
                0.020019754767417908,
                3.686343193054199
            ]
        },
        "id:10 gt:table": {
            "attention": [
                0.02500000037252903,
                0.0,
                0.020019754767417908,
                -0.43991097807884216
            ]
        },
        "id:11 gt:table": {
            "attention": [
                0.02500000037252903,
                0.0,
                0.020019754767417908,
                -0.43991097807884216
            ]
        },
        "id:12 gt:chair": {
            "attention": [
                0.02500000037252903,
                0.0,
                0.020019754767417908,
                3.686343193054199
            ]
        },
        "id:13 gt:chair": {
            "attention": [
                0.02500000037252903,
                0.0,
                0.020019754767417908,
                3.686343193054199
            ]
        },
        "id:14 gt:sign": {
            "attention": [
                0.02500000037252903,
                1.0,
                0.020019754767417908,
                -0.9200258851051331
            ]
        },
        "id:15 gt:chair": {
            "attention": [
                0.02500000037252903,
                0.0,
                0.020019754767417908,
                3.686343193054199
            ]
        },
        "id:16 gt:table": {
            "attention": [
                0.02500000037252903,
                0.0,
                0.06009203940629959,
                -1.32045316696167
            ]
        },
        "id:17 gt:chair": {
            "attention": [
                0.02500000037252903,
                0.0,
                0.020019754767417908,
                3.686343193054199
            ]
        },
        "id:18 gt:chair": {
            "attention": [
                0.02500000037252903,
                0.0,
                0.020019754767417908,
                3.686343193054199
            ]
        },
        "id:19 gt:chair": {
            "attention": [
                0.02500000037252903,
                0.0,
                0.020019754767417908,
                3.686343193054199
            ]
        },
        "id:20 gt:stair rail": {
            "attention": [
                0.02500000037252903,
                0.0,
                0.01637132093310356,
                -0.15364955365657806
            ]
        },
        "id:21 gt:table": {
            "attention": [
                0.02500000037252903,
                0.0,
                0.020019754767417908,
                -0.43991097807884216
            ]
        },
        "id:22 gt:chair": {
            "attention": [
                0.02500000037252903,
                0.0,
                0.020019754767417908,
                3.686343193054199
            ]
        },
        "id:23 gt:office chair": {
            "attention": [
                0.02500000037252903,
                0.0,
                0.005451507866382599,
                0.9036312699317932
            ]
        },
        "id:24 gt:table": {
            "attention": [
                0.02500000037252903,
                0.0,
                0.020019754767417908,
                -0.43991097807884216
            ]
        },
        "id:25 gt:table": {
            "attention": [
                0.02500000037252903,
                0.0,
                0.06009203940629959,
                -1.32045316696167
            ]
        },
        "id:26 gt:table": {
            "attention": [
                0.02500000037252903,
                0.0,
                0.005451507866382599,
                -0.11979058384895325
            ]
        },
        "id:27 gt:chair": {
            "attention": [
                0.02500000037252903,
                0.0,
                0.005451507866382599,
                1.003814935684204
            ]
        },
        "id:28 gt:chair": {
            "attention": [
                0.02500000037252903,
                0.0,
                0.06009203940629959,
                11.065064430236816
            ]
        },
        "id:29 gt:chair": {
            "attention": [
                0.02500000037252903,
                0.0,
                0.020019754767417908,
                3.686343193054199
            ]
        },
        "id:30 gt:chair": {
            "attention": [
                0.02500000037252903,
                0.0,
                0.020019754767417908,
                3.686343193054199
            ]
        },
        "id:31 gt:chair": {
            "attention": [
                0.02500000037252903,
                0.0,
                0.020019754767417908,
                3.686343193054199
            ]
        },
        "id:32 gt:stairs": {
            "attention": [
                0.02500000037252903,
                0.0,
                0.01637132093310356,
                -0.2745090126991272
            ]
        },
        "id:33 gt:display sign": {
            "attention": [
                0.02500000037252903,
                1.060005236391175e-14,
                0.01637132093310356,
                -1.0263333320617676
            ]
        },
        "id:34 gt:rail": {
            "attention": [
                0.02500000037252903,
                0.0,
                0.01637132093310356,
                0.024384846910834312
            ]
        },
        "id:35 gt:table": {
            "attention": [
                0.02500000037252903,
                0.0,
                0.020019754767417908,
                -0.43991097807884216
            ]
        },