{
    "scene_size": [
        6.77490758895874,
        10.12890625,
        2.432450532913208
    ],
    "scene_center": [
        -0.26578545570373535,
        -0.3381474018096924,
        1.0898560285568237
    ],
    "object_info": {
        "id:0 gt:sign": {
            "attention": [
                0.02500000037252903,
                1.0,
                0.02416178584098816,
                -1.1103767156600952
            ]
        },
        "id:1 gt:office chair": {
            "attention": [
                0.02500000037252903,
                0.0,
                0.00501190684735775,
                0.8307638764381409
            ]
        },
        "id:2 gt:chair": {
            "attention": [
                0.02500000037252903,
                0.0,
                0.02416178584098816,
                4.449037075042725
            ]
        },
        "id:3 gt:chair": {
            "attention": [
                0.02500000037252903,
                0.0,
                0.02416178584098816,
                4.449037075042725
            ]
        },
        "id:4 gt:table": {
            "attention": [
                0.02500000037252903,
                0.0,
                0.00501190684735775,
                -0.11013086140155792
            ]
        },
        "id:5 gt:chair": {
            "attention": [
                0.02500000037252903,
                0.0,
                0.02416178584098816,
                4.449037075042725
            ]
        },
        "id:6 gt:table": {
            "attention": [
                0.02500000037252903,
                0.0,
                0.05485539510846138,
                -1.2053838968276978
            ]
        },
        "id:7 gt:floor": {
            "attention": [
                0.02500000037252903,
                0.0,
                0.043726712465286255,
                -1.4997493028640747
            ]
        },
        "id:8 gt:table": {
            "attention": [
                0.02500000037252903,
                0.0,
                0.02416178584098816,
                -0.530927300453186
            ]
        },
        "id:9 gt:chair": {
            "attention": [
                0.02500000037252903,
                0.0,
                0.02416178584098816,
                4.449037075042725
            ]
        },
        "id:10 gt:chair": {
            "attention": [
                0.02500000037252903,
                0.0,
                0.02416178584098816,
                4.449037075042725
            ]
        },
        "id:11 gt:chair": {
            "attention": [
                0.02500000037252903,
                0.0,
                0.02416178584098816,
                4.449037075042725
            ]
        },
        "id:12 gt:stairs": {
            "attention": [
                0.02500000037252903,
                0.0,
                0.011321480385959148,
                -0.18983492255210876
            ]
        },
        "id:13 gt:chair": {
            "attention": [
                0.02500000037252903,
                0.0,
                0.02416178584098816,
                4.449037075042725
            ]
        },
        "id:14 gt:table": {
            "attention": [
                0.02500000037252903,
                0.0,
                0.02416178584098816,
                -0.530927300453186
            ]
        },
        "id:15 gt:table": {
            "attention": [
                0.02500000037252903,
                0.0,
                0.05485539510846138,
                -1.2053838968276978
            ]
        },
        "id:16 gt:chair": {
            "attention": [
                0.02500000037252903,
                0.0,
                0.02416178584098816,
                4.449037075042725
            ]
        },
        "id:17 gt:office chair": {
            "attention": [
                0.02500000037252903,
                0.0,
                0.05485539510846138,
                9.09272289276123
            ]
        },
        "id:18 gt:chair": {
            "attention": [
                0.02500000037252903,
                0.0,
                0.02416178584098816,
                4.449037075042725
            ]
        },
        "id:19 gt:rail": {
            "attention": [
                0.02500000037252903,
                0.0,
                0.011321480385959148,
                0.016863182187080383
            ]
        },
        "id:20 gt:chair": {
            "attention": [
                0.02500000037252903,
                0.0,
                0.02416178584098816,
                4.449037075042725
            ]
        },
        "id:21 gt:chair": {
            "attention": [
                0.02500000037252903,
                0.0,
                0.02416178584098816,
                4.449037075042725
            ]
        },
        "id:22 gt:chair": {
            "attention": [
                0.02500000037252903,
                0.0,
                0.02416178584098816,
                4.449037075042725
            ]
        },
        "id:23 gt:chair": {
            "attention": [
                0.02500000037252903,
                0.0,
                0.02416178584098816,
                4.449037075042725
            ]
        },
        "id:24 gt:table": {
            "attention": [
                0.02500000037252903,
                0.0,
                0.02416178584098816,
                -0.530927300453186
            ]
        },
        "id:25 gt:stair rail": {
            "attention": [
                0.02500000037252903,
                0.0,
                0.011321480385959148,
                -0.10625534504652023
            ]
        },
        "id:26 gt:chair": {
            "attention": [
                0.02500000037252903,
                0.0,
                0.02416178584098816,
                4.449037075042725
            ]
        },
        "id:27 gt:chair": {
            "attention": [
                0.02500000037252903,
                0.0,
                0.02416178584098816,
                4.449037075042725
            ]
        },
        "id:28 gt:chair": {
            "attention": [
                0.02500000037252903,
                0.0,
                0.02416178584098816,
                4.449037075042725
            ]
        },
        "id:29 gt:chair": {
            "attention": [
                0.02500000037252903,
                0.0,
                0.05485539510846138,
                10.100813865661621
            ]
        },
        "id:30 gt:table": {
            "attention": [
                0.02500000037252903,
                0.0,
                0.02416178584098816,
                -0.530927300453186
            ]
        },
        "id:31 gt:chair": {
            "attention": [
                0.02500000037252903,
                0.0,
                0.02416178584098816,
                4.449037075042725
            ]
        },
        "id:32 gt:display sign": {
            "attention": [
                0.02500000037252903,
                1.060005236391175e-14,
                0.011321480385959148,
                -0.7097541093826294
            ]
        },
        "id:33 gt:chair": {
            "attention": [
                0.02500000037252903,
                0.0,
                0.02416178584098816,
                4.449037075042725
            ]
        },
        "id:34 gt:chair": {
            "attention": [
                0.02500000037252903,
                0.0,
                0.00501190684735775,
                0.9228689074516296
            ]
        },
        "id:35 gt:table": {
            "attention": [
                0.02500000037252903,
                0.0,
                0.02416178584098816,
                -0.530927300453186
            ]
        },