{
    "scene_size": [
        9.299077987670898,
        5.949685096740723,
        2.8944997787475586
    ],
    "scene_center": [
        -0.12970662117004395,
        -0.38641393184661865,
        1.3210327625274658
    ],
    "object_info": {
        "id:0 gt:book": {
            "attention": [
                0.011627906933426857,
                0.0,
                0.015891192480921745,
                -1.13778555393219
            ]
        },
        "id:1 gt:refrigerator": {
            "attention": [
                0.011627906933426857,
                0.0,
                0.009987582452595234,
                -0.03022659756243229
            ]
        },
        "id:2 gt:armchair": {
            "attention": [
                0.011627906933426857,
                0.0,
                0.015891192480921745,
                -0.8521239757537842
            ]
        },
        "id:3 gt:kitchen cabinet": {
            "attention": [
                0.011627906933426857,
                0.0,
                0.015891192480921745,
                -0.08952440321445465
            ]
        },
        "id:4 gt:kitchen cabinets": {
            "attention": [
                0.011627906933426857,
                0.0,
                0.009823326952755451,
                -0.06108461320400238
            ]
        },
        "id:5 gt:ceiling": {
            "attention": [
                0.011627906933426857,
                0.0,
                0.012719791382551193,
                -0.2699105143547058
            ]
        },
        "id:6 gt:book": {
            "attention": [
                0.011627906933426857,
                0.0,
                0.012719791382551193,
                -0.9107180237770081
            ]
        },
        "id:7 gt:wall": {
            "attention": [
                0.011627906933426857,
                0.0,
                0.012719791382551193,
                -0.4642528295516968
            ]
        },
        "id:8 gt:shelf": {
            "attention": [
                0.011627906933426857,
                0.0,
                0.009987582452595234,
                -0.24171194434165955
            ]
        },
        "id:9 gt:banana holder": {
            "attention": [
                0.011627906933426857,
                0.0,
                0.009987582452595234,
                -0.44792667031288147
            ]
        },
        "id:10 gt:kitchen island": {
            "attention": [
                0.011627906933426857,
                0.0,
                0.009987582452595234,
                -0.3875860571861267
            ]
        },
        "id:11 gt:object": {
            "attention": [
                0.011627906933426857,
                0.0,
                0.016943344846367836,
                -1.3183448314666748
            ]
        },
        "id:12 gt:book": {
            "attention": [
                0.011627906933426857,
                0.0,
                0.008001133799552917,
                -0.5728691816329956
            ]
        },
        "id:13 gt:microwave": {
            "attention": [
                0.011627906933426857,
                0.0,
                0.012796512804925442,
                -0.501591145992279
            ]
        },
        "id:14 gt:wall": {
            "attention": [
                0.011627906933426857,
                0.0,
                0.012719791382551193,
                -0.4642528295516968
            ]
        },
        "id:15 gt:wall": {
            "attention": [
                0.011627906933426857,
                0.0,
                0.015891192480921745,
                -0.580004096031189
            ]
        },
        "id:16 gt:wall": {
            "attention": [
                0.011627906933426857,
                0.0,
                0.012719791382551193,
                -0.4642528295516968
            ]
        },
        "id:17 gt:office chair": {
            "attention": [
                0.011627906933426857,
                0.0,
                0.009987582452595234,
                -0.5230624675750732
            ]
        },
        "id:18 gt:closet door": {
            "attention": [
                0.011627906933426857,
                0.0,
                0.009987582452595234,
                -0.11319933831691742
            ]
        },
        "id:19 gt:chair": {
            "attention": [
                0.011627906933426857,
                0.0,
                0.012719791382551193,
                -0.7387272119522095
            ]
        },
        "id:20 gt:trash can": {
            "attention": [
                0.011627906933426857,
                0.0,
                0.008001133799552917,
                -0.1656697541475296
            ]
        },
        "id:21 gt:door": {
            "attention": [
                0.011627906933426857,
                0.0,
                0.009987582452595234,
                -0.2826063334941864
            ]
        },
        "id:22 gt:cabinet": {
            "attention": [
                0.011627906933426857,
                0.0,
                0.009987582452595234,
                -0.27408459782600403
            ]
        },
        "id:23 gt:stove": {
            "attention": [
                0.011627906933426857,
                0.0,
                0.009987582452595234,
                0.14640362560749054
            ]
        },
        "id:24 gt:kitchen counter": {
            "attention": [
                0.011627906933426857,
                1.0,
                0.012719791382551193,
                -0.19763289391994476
            ]
        },
        "id:25 gt:doorframe": {
            "attention": [
                0.011627906933426857,
                0.0,
                0.009987582452595234,
                -0.5488787293434143
            ]
        },
        "id:26 gt:dishwasher": {
            "attention": [
                0.011627906933426857,
                0.0,
                0.009987582452595234,
                0.6694936156272888
            ]
        },
        "id:27 gt:wall": {
            "attention": [
                0.011627906933426857,
                0.0,
                0.012719791382551193,
                -0.4642528295516968
            ]
        },
        "id:28 gt:yoga mat": {
            "attention": [
                0.011627906933426857,
                0.0,
                0.009987582452595234,
                -0.526250422000885
            ]
        },
        "id:29 gt:chair": {
            "attention": [
                0.011627906933426857,
                0.0,
                0.015891192480921745,
                -0.9229126572608948
            ]
        },
        "id:30 gt:kitchen cabinet": {
            "attention": [
                0.011627906933426857,
                0.0,
                0.007886619307100773,
                -0.044429950416088104
            ]
        },
        "id:31 gt:wall": {
            "attention": [
                0.011627906933426857,
                0.0,
                0.008001133799552917,
                -0.29202908277511597
            ]
        },
        "id:32 gt:desk": {
            "attention": [
                0.011627906933426857,
                0.0,
                0.009987582452595234,
                -0.4930097162723541
            ]
        },
        "id:33 gt:kitchen cabinet": {
            "attention": [
                0.011627906933426857,
                0.0,
                0.015891192480921745,
                -0.08952440321445465
            ]
        },
        "id:34 gt:box": {
            "attention": [
                0.011627906933426857,
                0.0,
                0.009987582452595234,
                -0.585331916809082
            ]
        },